Название	Улица	Находится в ТЦ	Идентификатор	Идентификаторы конкурентов (пусто по умолчанию)	Парковка	Вид входа	Этаж	Средняя оценка по данным яндекс карт	Количество отзывов до 01.01.2026 (По данным яндекс карт)	Среднее кол-во отзывов в год до 01.01.2026 (По данным яндекс карт)	Учитывать строку при обработке данных ?
Бургер Кинг	ул. Уральская, 98/11, Краснодар, Краснодарский край, 350075	Да	1	2#3#4#5#6	Бесплатная	Через ТЦ	1	4,4	231	28,875	да
Папа Джонс	ул. Уральская, 98/11, Краснодар, Краснодарский край, 350075	Да	2	1#3#4#5#6	Бесплатная	Через ТЦ	1	4,7	590	65,5	да
Subway	ул. Уральская, 98/11, Краснодар, Краснодарский край, 350075	Да	3	1#2#4#5#6	Бесплатная	Через ТЦ	1	4,7	82	11,7	да
Синнабон	ул. Уральская, 98/11, Краснодар, Краснодарский край, 350075	Да	4	1#2#3#5#6	Бесплатная	Через ТЦ	1	4,3	79	9,875	да
Пан картофан	ул. Уральская, 98/11, Краснодар, Краснодарский край, 350075	Да	5	1#2#3#4#6	Бесплатная	Через ТЦ	1	4	28	14	да
Покестан	ул. Уральская, 98/11, Краснодар, Краснодарский край, 350075	Да	6	1#2#3#4#5	Бесплатная	Через ТЦ	1	5	109	109	да
ПРОСУШИ	ул. Уральская, 79/1, Краснодар, Краснодарский край, 350059	Да	7	8#9#10#11#12#13#14#15#16#17#18#19#20#21#22#23#24#25#26#27#28#29	Бесплатная	Через ТЦ	1	4,3	167	20,8	да
Бургер Кинг	ул. Уральская, 79/1, Краснодар, Краснодарский край, 350059	Да	8	7#9#10#11#12#13#14#15#16#17#18#19#20#21#22#23#24#25#26#27#28#29	Бесплатная	Через ТЦ	3	4,6	237	26,3	да
Мидийное место	ул. Уральская, 79/1, Краснодар, Краснодарский край, 350059	Да	9	7#8#10#11#12#13#14#15#16#17#18#19#20#21#22#23#24#25#26#27#28#29	Бесплатная	Через ТЦ	3	4,5	49	49	да
Aberdeen	ул. Уральская, 79/1, Краснодар, Краснодарский край, 350059	Да	10	7#8#9#11#12#13#14#15#16#17#18#19#20#21#22#23#24#25#26#27#28#29	Бесплатная	Через ТЦ	3	4,9	58	29	да
Старик Хинкалыч	ул. Уральская, 79/1, Краснодар, Краснодарский край, 350059	Да	11	7#8#9#10#12#13#14#15#16#17#18#19#20#21#22#23#24#25#26#27#28#29	Бесплатная	Через ТЦ	3	5	1448	724	да
Додо Пицца	ул. Уральская, 79/1, Краснодар, Краснодарский край, 350059	Да	12	7#8#9#10#11#13#14#15#16#17#18#19#20#21#22#23#24#25#26#27#28#29	Бесплатная	Через ТЦ	3	4,4	78	13	да
Платформа 9 3/4	ул. Уральская, 79/1, Краснодар, Краснодарский край, 350059	Да	13	7#8#9#10#11#12#14#15#16#17#18#19#20#21#22#23#24#25#26#27#28#29	Бесплатная	Через ТЦ	3	4,9	814	271,3	да
Бумбараш	ул. Уральская, 79/1, Краснодар, Краснодарский край, 350059	Да	14	7#8#9#10#11#12#13#15#16#17#18#19#20#21#22#23#24#25#26#27#28#29	Бесплатная	Через ТЦ	2	5	916	458	да
Диканька	ул. Уральская, 79/1, Краснодар, Краснодарский край, 350059	Да	15	7#8#9#10#11#12#13#14#16#17#18#19#20#21#22#23#24#25#26#27#28#29	Бесплатная	Через ТЦ	2	4,9	351	58,5	да
Чайхана Анор-Анор	ул. Уральская, 79/1, Краснодар, Краснодарский край, 350059	Да	16	7#8#9#10#11#12#13#14#15#17#18#19#20#21#22#23#24#25#26#27#28#29	Бесплатная	Через ТЦ	3	4,5	87	43,5	да
СушиВесла	ул. Уральская, 79/1, Краснодар, Краснодарский край, 350059	Да	17	7#8#9#10#11#12#13#14#15#16#18#19#20#21#22#23#24#25#26#27#28#29	Бесплатная	Через ТЦ	3	4,6	211	30,1	да
Rostic`s	ул. Уральская, 79/1, Краснодар, Краснодарский край, 350059	Да	18	7#8#9#10#11#12#13#14#15#16#17#19#20#21#22#23#24#25#26#27#28#29	Бесплатная	Через ТЦ	3	4,4	225	28,125	да
Вкусно — и точка	ул. Уральская, 79/1, Краснодар, Краснодарский край, 350059	Да	19	7#8#9#10#11#12#13#14#15#16#17#18#20#21#22#23#24#25#26#27#28#29	Бесплатная	Через ТЦ	1	4,5	493	123,25	да
Ташир Пицца	ул. Уральская, 79/1, Краснодар, Краснодарский край, 350059	Да	20	7#8#9#10#11#12#13#14#15#16#17#18#19#21#22#23#24#25#26#27#28#29	Бесплатная	Через ТЦ	3	4,7	148	18,5	да
БумБараш	ул. Уральская, 79/1, Краснодар, Краснодарский край, 350059	Да	21	7#8#9#10#11#12#13#14#15#16#17#18#19#20#22#23#24#25#26#27#28#29	Бесплатная	Через ТЦ	3	5	897	299	да
Харчо	ул. Уральская, 79/1, Краснодар, Краснодарский край, 350059	Да	22	7#8#9#10#11#12#13#14#15#16#17#18#19#20#21#23#24#25#26#27#28#2	Бесплатная	Через ТЦ	3	4,3	360	45	да
Mybox	ул. Уральская, 79/1, Краснодар, Краснодарский край, 350059	Да	23	7#8#9#10#11#12#13#14#15#16#17#18#19#20#21#22#24#25#26#27#28#29	Бесплатная	Через ТЦ	3	4,3	88	11	да
Любокофе	ул. Уральская, 79/1, Краснодар, Краснодарский край, 350059	Да	24	7#8#9#10#11#12#13#14#15#16#17#18#19#20#21#22#23#25#26#27#28#29	Бесплатная	Через ТЦ	3	4,4	319	39,8	да
Sbw X Subway	ул. Уральская, 79/1, Краснодар, Краснодарский край, 350059	Да	25	7#8#9#10#11#12#13#14#15#16#17#18#19#20#21#22#23#24#26#27#28#29	Бесплатная	Через ТЦ	3	4,3	55	9,16	да
Жарицца Пицца	ул. Уральская, 79/1, Краснодар, Краснодарский край, 350059	Да	26	7#8#9#10#11#12#13#14#15#16#17#18#19#20#21#22#23#24#25#27#28#29	Бесплатная	Через ТЦ	3	4,2	36	4,5	да
I am pho	ул. Уральская, 79/1, Краснодар, Краснодарский край, 350059	Да	27	7#8#9#10#11#12#13#14#15#16#17#18#19#20#21#22#23#24#25#26#28#29	Бесплатная	Через ТЦ	3	5	460	115	да
Любокофе	ул. Уральская, 79/1, Краснодар, Краснодарский край, 350059	Да	28	7#8#9#10#11#12#13#14#15#16#17#18#19#20#21#22#23#24#25#26#27#29	Бесплатная	Через ТЦ	3	4,4	326	40,75	да
Cafe4fix	ул. Уральская, 79/1, Краснодар, Краснодарский край, 350059	Да	29	7#8#9#10#11#12#13#14#15#16#17#18#19#20#21#22#23#24#25#26#27#28	Бесплатная	Через ТЦ	2	5	1	1	да
Бургер Кинг	​Красная улица, 160, Краснодар	Нет	30		Платная	С улицы	1	4,5	1290	645	да
Чик Чак	Карасунская улица, 77/1, Краснодар	Нет	31		Платная	С улицы	1	5	148	74	да
Serkan	Улица Тургенева, 138а, Краснодар	Нет	32		Платная	С улицы	1	5	307	153,5	да
Джентльмены удачи	​Улица Тургенева, 139/1, Краснодар	Нет	33		Платная	С улицы	1	4,6	609	304,5	да
МЯСО&РЫБА	Красная улица, 120, Краснодар	Нет	34	214	Отсутсвует	С улицы	1	4,9	654	218	да
Рыбка by Angela	Дальняя ул., 8, корп. 1	Нет	35	291	Платная	С улицы	1	4,5	154	30,8	да
Дим кофе	Краснодар, Дальняя улица	Нет	36		Платная	С улицы	1	4,2	10	1,4	да
Любим печь	Улица Ломоносова, 90, Краснодар	Нет	37		Бесплатная	С улицы	1	5	1010	505	да
Уни	​Московская улица, 1, Краснодар	Нет	38		Отсутсвует	С улицы	1	4,4	1141	380,3	да
Эдми	​Улица Красных Партизан, 206, Краснодар	Нет	39		Платная	С улицы	1	4,1	6	6	да
Чико	Рашпилевская улица, 20/1, Краснодар	Нет	40		Платная	С улицы	1	5	2087	1 043,50	да
ПРОСУШИ	​Улица им. 40-летия Победы, 172/1, Краснодар	Да	41	42#43#44	Бесплатная	С улицы	1	4,9	176	88	да
Subway by Whatsubs	​Улица им. 40-летия Победы, 172/1, Краснодар	Да	42	41#43#44	Бесплатная	С улицы	1	4,6	78	26	да
Папа Джонс	​Улица им. 40-летия Победы, 172/1, Краснодар	Да	43	41#42#44	Бесплатная	С улицы	1	4,4	326	40,75	да
Вкуснолюбов	​Улица им. 40-летия Победы, 172/1, Краснодар	Да	44	41#42#43	Бесплатная	С улицы	1	4,1	66	11	да
Subway by Whatsubs	​Улица Мира, 38, Краснодар	Нет	45		Отсутсвует	С улицы	1	4,4	118	14,75	да
Библиотека кофе	​Дальняя улица, 8 к1, Краснодар	Нет	46	255	Платная	С улицы	1	4,7	40	20	да
Духанъ	Красная улица, 15/1, Краснодар	Нет	47		Отсутсвует	С улицы	1	5	2784	464	да
Барракуда+	Березанская улица, 74, Краснодар	Нет	48		Платная	С улицы	1	4,8	476	77,3	да
Каскад	Постовая ул., 34/1	Нет	49		Платная	С улицы	1	4,4	47	15,6	да
Шаурма Чили	​Улица Димитрова, 127/3 киоск, Краснодар	Нет	50		Платная	С улицы	1	4,5	115	28,75	да
Сдобное место	Гимназическая ул., 57	Нет	51		Отсутсвует	С улицы	1	4,9	86	12,2	да
Мидийное место	Кубанская набережная, 37/3, Краснодар	Нет	52		Бесплатная	С улицы	1	5	408	204	да
Шаверма Bar	Красная улица, 65, Краснодар	Нет	53	249	Отсутсвует	С улицы	1	4,6	565	70,625	да
CyberX	Улица Тургенева, 138/7, Краснодар	Нет	54		Платная	С улицы	1	4,9	23	11,5	да
Акконд	Красная ул., 194	Нет	55		Бесплатная	С улицы	1	4,2	17	2,125	да
Lambic Brasserie	Конгрессная улица, 20/1, Краснодар	Да	56	58#59#60#61#62#63#64	Платная	Через ТЦ	2	4,3	7	7	да
Муссоны	Конгрессная улица, 20, Краснодар	Нет	57		Бесплатная	С улицы	2	4,9	764	254,6	да
Сицилия	Конгрессная улица, 20/1, Краснодар	Да	58	56#59#60#61#62#63#64	Платная	Через ТЦ	1	4,9	222	222	да
Surf Coffee X Cheese	Конгрессная улица, 20/1, Краснодар	Да	59	56#58#60#61#62#63#64	Платная	С улицы	1	5	60	30	да
Старик Хинкалыч	Конгрессная улица, 20/1, Краснодар	Да	60	56#58#59#61#62#63#64	Платная	Через ТЦ	1	5	547	547	да
Додо Пицца	Конгрессная улица, 20/1, Краснодар	Да	61	56#58#59#60#62#63#64	Платная	Через ТЦ	1	4,5	16	16	да
Анор-Анор	Конгрессная улица, 20/1, Краснодар	Да	62	56#58#59#60#61#63#64	Платная	Через ТЦ	1	4,8	62	62	да
Зацепи кофе	Конгрессная улица, 20/1, Краснодар	Да	63	56#58#59#60#61#62#64	Платная	С улицы	1	5	197	98,5	да
Вкусно — и точка	Конгрессная улица, 20/1, Краснодар	Да	64	56#58#59#60#61#62#63	Платная	Через ТЦ	1	1,3	49	49	да
Мамули	Улица Суворова, 49, Краснодар	Нет	65		Бесплатная	С улицы	1	5	1054	351,3	да
Гридневъ - Хлебъ	Улица им. Адмирала Крузенштерна, 5 к2, Краснодар	Нет	66		Бесплатная	С улицы	1	4,4	30	15	да
Манифест	Гаражная улица, 104, Краснодар	Нет	67		Платная	С улицы	1	5	51	51	да
Yaposhkin Rolls	Улица Красных Партизан, 1/3 к6, Краснодар	Нет	68		Бесплатная	С улицы	-1	5	39	39	да
Morkoffka	Красная ул., 180	Нет	69		Отсутсвует	С улицы	1	4,6	11	3,6	да
Aberdeen	Хакурате, 3, Краснодар	Нет	70		Платная	С улицы	1	5	213	53,25	да
ЮрФак coffee	Рашпилевская ул., 43/1	Нет	71		Отсутсвует	С улицы	1	4,5	12	12	да
Рим	Улица Восточно-Кругликовская, 18/1, Краснодар	Нет	72		Отсутсвует	С улицы	1	4,7	41	41	да
Восточные сладости	Улица Восточно-Кругликовская, 26, Краснодар	Нет	73		Отсутсвует	С улицы	1	4,6	25	4,16	да
Как дома	Железнодорожная улица, 26а, Краснодар	Нет	74		Отсутсвует	С улицы	1	5	287	57,4	да
Гоголь	Гоголя, 49, Краснодар	Нет	75		Платная	С улицы	1	5	298	149	да
Рейхан	Северная ул., 363	Нет	76		Платная	С улицы	1	4,9	200	50	да
Аристарх Периньон	Улица им. Героя Яцкова, 9/1, Краснодар	Нет	77		Бесплатная	С улицы	1	4,9	1335	667,5	да
Бельчини Пицца	Гаражная улица, 96, Краснодар	Нет	78		Бесплатная	С улицы	1	5	38	38	да
Точка теста	Кубанская ул., 54	Нет	79		Бесплатная	С улицы	1	5	209	69,6	да
Vomi	Красная ул., 118	Да	80		Платная	С улицы	1	5	27	9	да
Забей	​Красная улица, 176 лит1/1	Нет	81		Отсутсвует	С улицы	1	5	226	45,2	да
Aberdeen	Красная улица, 176 к5, Краснодар	Да	82	83#84#85#86#87#88#89#90#91#92#93#94#95#96#97#98#99#100#101#102#103#104#105#106#107#108#109	Платная	Через ТЦ	1				нет
Креветошная	Красная улица, 176 к5, Краснодар	Да	83	82#84#85#86#87#88#89#90#91#92#93#94#95#96#97#98#99#100#101#102#103#104#105#106#107#108#109	Платная	Через ТЦ	1				нет
Старик Хинкалыч	Красная улица, 176 к5, Краснодар	Да	84	82#83#85#86#87#88#89#90#91#92#93#94#95#96#97#98#99#100#101#102#103#104#105#106#107#108#109	Платная	Через ТЦ	1				нет
Baklava tatli	Красная улица, 176 к5, Краснодар	Да	85	82#83#84#86#87#88#89#90#91#92#93#94#95#96#97#98#99#100#101#102#103#104#105#106#107#108#109	Платная	Через ТЦ	1				нет
Tori ramen	Красная улица, 176 к5, Краснодар	Да	86	82#83#84#85#87#88#89#90#91#92#93#94#95#96#97#98#99#100#101#102#103#104#105#106#107#108#109	Платная	Через ТЦ	1				нет
Покестан	Красная улица, 176 к5, Краснодар	Да	87	82#83#84#85#86#88#89#90#91#92#93#94#95#96#97#98#99#100#101#102#103#104#105#106#107#108#109	Платная	Через ТЦ	1				нет
Наливкин	Красная улица, 176 к5, Краснодар	Да	88	82#83#84#85#86#87#89#90#91#92#93#94#95#96#97#98#99#100#101#102#103#104#105#106#107#108#109	Платная	С улицы	1				нет
Кореана light	Красная улица, 176 к5, Краснодар	Да	89	82#83#84#85#86#87#88#90#91#92#93#94#95#96#97#98#99#100#101#102#103#104#105#106#107#108#109	Платная	Через ТЦ	1				нет
МясоLove	Красная улица, 176 к5, Краснодар	Да	90	82#83#84#85#86#87#88#89#91#92#93#94#95#96#97#98#99#100#101#102#103#104#105#106#107#108#109	Платная	Через ТЦ	1				нет
Pho Bo	Красная улица, 176 к5, Краснодар	Да	91	82#83#84#85#86#87#88#89#90#92#93#94#95#96#97#98#99#100#101#102#103#104#105#106#107#108#109	Платная	Через ТЦ	1				нет
Цыпкен	Красная улица, 176 к5, Краснодар	Да	92	82#83#84#85#86#87#88#89#90#91#93#94#95#96#97#98#99#100#101#102#103#104#105#106#107#108#109	Платная	С улицы	1				нет
Fluffy Fluffy	Красная улица, 176 к5, Краснодар	Да	93	82#83#84#85#86#87#88#89#90#91#92#94#95#96#97#98#99#100#101#102#103#104#105#106#107#108#109	Платная	Через ТЦ	1				нет
Вкус Горца	Красная улица, 176 к5, Краснодар	Да	94	82#83#84#85#86#87#88#89#90#91#92#93#95#96#97#98#99#100#101#102#103#104#105#106#107#108#109	Платная	С улицы	1				нет
Лаваш Таун	Красная улица, 176 к5, Краснодар	Да	95	82#83#84#85#86#87#88#89#90#91#92#93#94#96#97#98#99#100#101#102#103#104#105#106#107#108#109	Платная	Через ТЦ	1				нет
Zohanbar x Наливкин	Красная улица, 176 к5, Краснодар	Да	96	82#83#84#85#86#87#88#89#90#91#92#93#94#95#97#98#99#100#101#102#103#104#105#106#107#108#109	Платная	Через ТЦ	1				нет
Oysters	Красная улица, 176 к5, Краснодар	Да	97	82#83#84#85#86#87#88#89#90#91#92#93#94#95#96#98#99#100#101#102#103#104#105#106#107#108#109	Платная	Через ТЦ	2				нет
Tapioka	Красная улица, 176 к5, Краснодар	Да	98	82#83#84#85#86#87#88#89#90#91#92#93#94#95#96#97#99#100#101#102#103#104#105#106#107#108#109	Платная	Через ТЦ	2				нет
Henshin Asian casual food	Красная улица, 176 к5, Краснодар	Да	99	82#83#84#85#86#87#88#89#90#91#92#93#94#95#96#97#98#100#101#102#103#104#105#106#107#108#109	Платная	Через ТЦ	1				нет
Wow sweet	Красная улица, 176 к5, Краснодар	Да	100	82#83#84#85#86#87#88#89#90#91#92#93#94#95#96#97#98#99#101#102#103#104#105#106#107#108#109	Платная	Через ТЦ	2				нет
Казан	Красная улица, 176 к5, Краснодар	Да	101	82#83#84#85#86#87#88#89#90#91#92#93#94#95#96#97#98#99#100#102#103#104#105#106#107#108#109	Платная	Через ТЦ	1				нет
Мама Коко	Красная улица, 176 к5, Краснодар	Да	102	82#83#84#85#86#87#88#89#90#91#92#93#94#95#96#97#98#99#100#101#103#104#105#106#107#108#109	Платная	Через ТЦ	1				нет
ВСметане	Красная улица, 176 к5, Краснодар	Да	103	82#83#84#85#86#87#88#89#90#91#92#93#94#95#96#97#98#99#100#101#102#104#105#106#107#108#109	Платная	Через ТЦ	1				нет
Пальма	Красная улица, 176 к5, Краснодар	Да	104	82#83#84#85#86#87#88#89#90#91#92#93#94#95#96#97#98#99#100#101#102#103#105#106#107#108#109	Платная	Через ТЦ	1				нет
Pro вафли	Красная улица, 176 к5, Краснодар	Да	105	82#83#84#85#86#87#88#89#90#91#92#93#94#95#96#97#98#99#100#101#102#103#104#106#107#108#109	Платная	Через ТЦ	2				нет
Спелый	Красная улица, 176 к5, Краснодар	Да	106	82#83#84#85#86#87#88#89#90#91#92#93#94#95#96#97#98#99#100#101#102#103#104#105#107#108#109	Платная	Через ТЦ	1				нет
Пан kartofan	Красная улица, 176 к5, Краснодар	Да	107	82#83#84#85#86#87#88#89#90#91#92#93#94#95#96#97#98#99#100#101#102#103#104#105#106#108#109	Платная	Через ТЦ	1				нет
Pierre eclair	Красная улица, 176 к5, Краснодар	Да	108	82#83#84#85#86#87#88#89#90#91#92#93#94#95#96#97#98#99#100#101#102#103#104#105#106#107#109	Платная	Через ТЦ	2				нет
Limpasto	Красная улица, 176 к5, Краснодар	Да	109	82#83#84#85#86#87#88#89#90#91#92#93#94#95#96#97#98#99#100#101#102#103#104#105#106#107#108	Платная	Через ТЦ	1				нет
Форель	Улица Котовского, 78/1, Краснодар	Нет	110		Платная	С улицы	1	4,7	81	27	да
Щи борщи	​Улица Коммунаров, 266/3, Краснодар	Нет	111		Платная	С улицы	1	4,9	152	38	да
Сгущенка	​Улица Горького, 97, Краснодар	Нет	112		Платная	С улицы	1	5	1019	254,75	да
Ереванский дворик	Улица им. В.Н. Мачуги, 112, Краснодар	Нет	113		Бесплатная	С улицы	1	5	258	86	да
Лоджо	Улица Кирилла Россинского, 48, Краснодар	Нет	114		Бесплатная	С улицы	1	5	90	45	да
Зона Лаунж	Северная улица, 2, Краснодар	Нет	115		Бесплатная	С улицы	4	4,5	54	9	да
БуузМэн	Улица Кирилла Россинского, 65, Краснодар	Нет	116		Бесплатная	С улицы	2	5	109	36,3	да
Мидийное место	Улица им. Володи Головатого, 313, Краснодар	Да	117	118#121#122#124#125#126#127#128#129#130#131#132#133#134#135#137#138#139#140#141#142#143#144#145#147#148#149#150#151#152#153#154#155	Платная	Через ТЦ	3	5	212	70,6	да
Виноваты рыбы	Улица им. Володи Головатого, 313, Краснодар	Да	118	117#121#122#124#125#126#127#128#129#130#131#132#133#134#135#137#138#139#140#141#142#143#144#145#147#148#149#150#151#152#153#154#155	Платная	Через ТЦ	3	5	217	72,3	да
Вкусно — и точка	Улица им. Володи Головатого, 311, Краснодар	Да	119	120#123#136#146	Платная	Через ТЦ	2	4,3	204	51	да
Sunny	Улица им. Володи Головатого, 311, Краснодар	Да	120	119#123#136#146	Платная	С улицы	1	4,7	435	108,75	да
Диканька	Улица им. Володи Головатого, 313, Краснодар	Да	121	117#118#122#124#125#126#127#128#129#130#131#132#133#134#135#137#138#139#140#141#142#143#144#145#147#148#149#150#151#152#153#154#155	Платная	Через ТЦ	2	4,9	377	94,25	да
Любокофе	Улица им. Володи Головатого, 313, Краснодар	Да	122	117#118#121#124#125#126#127#128#129#130#131#132#133#134#135#137#138#139#140#141#142#143#144#145#147#148#149#150#151#152#153#154#155	Платная	С улицы	1	4,5	431	53,875	да
Rostic`s	Улица им. Володи Головатого, 311, Краснодар	Да	123	119#120#136#146	Платная	Через ТЦ	2	4,2	160	22,8	да
Анор-Анор	Улица им. Володи Головатого, 313, Краснодар	Да	124	117#118#121#122#125#126#127#128#129#130#131#132#133#134#135#137#138#139#140#141#142#143#144#145#147#148#149#150#151#152#153#154#155	Платная	Через ТЦ	3	4,6	145	48,3	да
Теремок	Улица им. Володи Головатого, 313, Краснодар	Да	125	117#118#121#122#124#126#127#128#129#130#131#132#133#134#135#137#138#139#140#141#142#143#144#145#147#148#149#150#151#152#153#154#155	Платная	Через ТЦ	2	3,8	89	11,125	да
iL Патио	Улица им. Володи Головатого, 313, Краснодар	Да	126	117#118#121#122#124#125#127#128#129#130#131#132#133#134#135#137#138#139#140#141#142#143#144#145#147#148#149#150#151#152#153#154#155	Платная	Через ТЦ	2	4,7	209	50,25	да
Surf Coffee X Gallery	Улица им. Володи Головатого, 313, Краснодар	Да	127	117#118#121#122#124#125#126#128#129#130#131#132#133#134#135#137#138#139#140#141#142#143#144#145#147#148#149#150#151#152#153#154#155	Платная	Через ТЦ	3	4,8	54	18	да
Мясоед	Улица им. Володи Головатого, 313, Краснодар	Да	128	117#118#121#122#124#125#126#127#129#130#131#132#133#134#135#137#138#139#140#141#142#143#144#145#147#148#149#150#151#152#153#154#155	Платная	Через ТЦ	3	4,5	104	34,6	да
СушиВесла	Улица им. Володи Головатого, 313, Краснодар	Да	129	117#118#121#122#124#125#126#127#128#130#131#132#133#134#135#137#138#139#140#141#142#143#144#145#147#148#149#150#151#152#153#154#155	Платная	Через ТЦ	2	5	210	26,25	да
СтейкБург	Улица им. Володи Головатого, 313, Краснодар	Да	130	117#118#121#122#124#125#126#127#128#129#131#132#133#134#135#137#138#139#140#141#142#143#144#145#147#148#149#150#151#152#153#154#155	Платная	Через ТЦ	3	5	143	143	да
Ташир Пицца	Улица им. Володи Головатого, 313, Краснодар	Да	131	117#118#121#122#124#125#126#127#128#129#130#132#133#134#135#137#138#139#140#141#142#143#144#145#147#148#149#150#151#152#153#154#155	Платная	Через ТЦ	2	4,3	20	20	да
Pobo	Улица им. Володи Головатого, 313, Краснодар	Да	132	117#118#121#122#124#125#126#127#128#129#130#131#133#134#135#137#138#139#140#141#142#143#144#145#147#148#149#150#151#152#153#154#155	Платная	Через ТЦ	3	5	682	682	да
Craft Coffee	Улица им. Володи Головатого, 313, Краснодар	Да	133	117#118#121#122#124#125#126#127#128#129#130#131#132#134#135#137#138#139#140#141#142#143#144#145#147#148#149#150#151#152#153#154#155	Платная	Через ТЦ	2	4,4	10	5	да
Ло Мейн по-ланьчжоуски	Улица им. Володи Головатого, 313, Краснодар	Да	134	117#118#121#122#124#125#126#127#128#129#130#131#132#133#135#137#138#139#140#141#142#143#144#145#147#148#149#150#151#152#153#154#155	Платная	Через ТЦ	3	4,8	64	32	да
Четыре сына	Улица им. Володи Головатого, 313, Краснодар	Да	135	117#118#121#122#124#125#126#127#128#129#130#131#132#133#134#137#138#139#140#141#142#143#144#145#147#148#149#150#151#152#153#154#155	Платная	Через ТЦ	3	4,6	41	20,5	да
Kubanos Tostados	Улица им. Володи Головатого, 311, Краснодар	Да	136	119#120#123#146	Платная	Через ТЦ	3	4,7	40	20	да
Том Ям	Улица им. Володи Головатого, 313, Краснодар	Да	137	117#118#121#122#124#125#126#127#128#129#130#131#132#133#134#135#138#139#140#141#142#143#144#145#147#148#149#150#151#152#153#154#155	Платная	Через ТЦ	3	4,2	72	24	да
Mybox	Улица им. Володи Головатого, 313, Краснодар	Да	138	117#118#121#122#124#125#126#127#128#129#130#131#132#133#134#135#137#139#140#141#142#143#144#145#147#148#149#150#151#152#153#154#155	Платная	Через ТЦ	2	4,3	172	19,1	да
Любо	Улица им. Володи Головатого, 313, Краснодар	Да	139	117#118#121#122#124#125#126#127#128#129#130#131#132#133#134#135#137#138#140#141#142#143#144#145#147#148#149#150#151#152#153#154#155	Платная	Через ТЦ	2	4,1	44	11	да
Sun Bowl	Улица им. Володи Головатого, 313, Краснодар	Да	140	117#118#121#122#124#125#126#127#128#129#130#131#132#133#134#135#137#138#139#141#142#143#144#145#147#148#149#150#151#152#153#154#155	Платная	Через ТЦ	3	4,8	175	58,3	да
Дора	Улица им. Володи Головатого, 313, Краснодар	Да	141	117#118#121#122#124#125#126#127#128#129#130#131#132#133#134#135#137#138#139#140#142#143#144#145#147#148#149#150#151#152#153#154#155	Платная	Через ТЦ	3	4,3	59	59	да
Лаваш Таун	Улица им. Володи Головатого, 313, Краснодар	Да	142	117#118#121#122#124#125#126#127#128#129#130#131#132#133#134#135#137#138#139#140#141#143#144#145#147#148#149#150#151#152#153#154#155	Платная	Через ТЦ	3	3,4	45	15	да
New rest	Улица им. Володи Головатого, 313, Краснодар	Да	143	117#118#121#122#124#125#126#127#128#129#130#131#132#133#134#135#137#138#139#140#141#142#144#145#147#148#149#150#151#152#153#154#155	Платная	Через ТЦ	3	4,5	14	14	да
Хинкали уплетали	Улица им. Володи Головатого, 313, Краснодар	Да	144	117#118#121#122#124#125#126#127#128#129#130#131#132#133#134#135#137#138#139#140#141#142#143#145#147#148#149#150#151#152#153#154#155	Платная	Через ТЦ	3	1,2	38	12,6	да
TomiOmi	Улица им. Володи Головатого, 313, Краснодар	Да	145	117#118#121#122#124#125#126#127#128#129#130#131#132#133#134#135#137#138#139#140#141#142#143#144#147#148#149#150#151#152#153#154#155	Платная	Через ТЦ	1	4,4	154	51,3	да
Kemal	Улица им. Володи Головатого, 311, Краснодар	Да	146	119#120#123#136	Платная	Через ТЦ	3	5	68	68	да
Pro вафли	Улица им. Володи Головатого, 313, Краснодар	Да	147	117#118#121#122#124#125#126#127#128#129#130#131#132#133#134#135#137#138#139#140#141#142#143#144#145#148#149#150#151#152#153#154#155	Платная	Через ТЦ	3	4,4	35	11,6	да
Ливан Хаус	Улица им. Володи Головатого, 313, Краснодар	Да	148	117#118#121#122#124#125#126#127#128#129#130#131#132#133#134#135#137#138#139#140#141#142#143#144#145#147#149#150#151#152#153#154#155	Платная	Через ТЦ	2	3,3	99	9,9	да
Пян-се	Улица им. Володи Головатого, 313, Краснодар	Да	149	117#118#121#122#124#125#126#127#128#129#130#131#132#133#134#135#137#138#139#140#141#142#143#144#145#147#148#150#151#152#153#154#155	Платная	Через ТЦ	3	4,5	92	46	да
Гюмри джан	Улица им. Володи Головатого, 313, Краснодар	Да	150	117#118#121#122#124#125#126#127#128#129#130#131#132#133#134#135#137#138#139#140#141#142#143#144#145#147#148#149#151#152#153#154#155	Платная	Через ТЦ	3	4,2	52	26	да
Wonder Fox	Улица им. Володи Головатого, 313, Краснодар	Да	151	117#118#121#122#124#125#126#127#128#129#130#131#132#133#134#135#137#138#139#140#141#142#143#144#145#147#148#149#150#152#153#154#155	Платная	Через ТЦ	2	4,2	73	18,25	да
Глазунья	Улица им. Володи Головатого, 313, Краснодар	Да	152	117#118#121#122#124#125#126#127#128#129#130#131#132#133#134#135#137#138#139#140#141#142#143#144#145#147#148#149#150#151#153#154#155	Платная	Через ТЦ	3	4,3	22	22	да
Uniqu Monte coffee	Улица им. Володи Головатого, 313, Краснодар	Да	153	117#118#121#122#124#125#126#127#128#129#130#131#132#133#134#135#137#138#139#140#141#142#143#144#145#147#148#149#150#151#152#154#155	Платная	Через ТЦ	2	4,5	9	9	да
Craft Coffee	Улица им. Володи Головатого, 313, Краснодар	Да	154	117#118#121#122#124#125#126#127#128#129#130#131#132#133#134#135#137#138#139#140#141#142#143#144#145#147#148#149#150#151#152#153#155	Платная	Через ТЦ	1	4,1	7	7	да
Теремок	Улица им. Володи Головатого, 313, Краснодар	Да	155	117#118#121#122#124#125#126#127#128#129#130#131#132#133#134#135#137#138#139#140#141#142#143#144#145#147#148#149#150#151#152#153#154	Платная	Через ТЦ	2	3,8	89	11,125	да
Camorra Pizza e Birra	Красная ул., 90	Нет	156	234	Отсутсвует	Через арку	1	4,9	379	54,14	да
Соседи	Красная улица, 104, Краснодар	Нет	157		Отсутсвует	Через арку	1	5	988	329,3	да
Funky Food	Красная улица, 67, Краснодар	Нет	158		Отсутсвует	Через арку	1	4,7	375	93,75	да
Барбара центр	Красноармейская ул., 49А	Нет	159		Отсутсвует	Через арку	1	4,4	112	56	да
Mania Lounge	Красная улица, 90, Краснодар	Нет	160	224	Отсутсвует	Через арку	1	5	306	61,2	да
Теплые страны	Красная улица, 169/1, Краснодар	Нет	161		Отсутсвует	Через арку	1	5	768	384	да
Trend Coffee Shop	Крылатая ул., 2, жилой массив Пашковский, Краснодар	Да	162	163#164#165#166#167#168#169#170#171#172#173	Бесплатная	Через ТЦ	1	5	71	14,2	да
Coffee Like	Крылатая ул., 2, жилой массив Пашковский, Краснодар	Да	163	162#164#165#166#167#168#169#170#171#172#173	Бесплатная	Через ТЦ	1	4,5	40	8	да
Wonder Fox	Крылатая ул., 2, жилой массив Пашковский, Краснодар	Да	164	162#163#165#166#167#168#169#170#171#172#173	Бесплатная	Через ТЦ	1	4,2	47	9,4	да
Cinnabon	Крылатая ул., 2, жилой массив Пашковский, Краснодар	Да	165	162#163#164#166#167#168#169#170#171#172#173	Бесплатная	Через ТЦ	2	4,2	78	19,5	да
Краснодарский бык	Крылатая ул., 2, жилой массив Пашковский, Краснодар	Да	166	162#163#164#165#167#168#169#170#171#172#173	Бесплатная	Через ТЦ	1	4,1	26	13	да
Cosmic Latte	Крылатая ул., 2, жилой массив Пашковский, Краснодар	Да	167	162#163#164#165#166#168#169#170#171#172#173	Бесплатная	Через ТЦ	1	4,2	21	21	да
Buffet	Крылатая ул., 2, жилой массив Пашковский, Краснодар	Да	168	162#163#164#165#166#167#169#170#171#172#173	Бесплатная	Через ТЦ	2	4,5	37	7,4	да
Ташир Пицца	Крылатая ул., 2, жилой массив Пашковский, Краснодар	Да	169	162#163#164#165#166#167#168#170#171#172#173	Бесплатная	Через ТЦ	2	4,4	84	12	да
Голый повар	Крылатая ул., 2, жилой массив Пашковский, Краснодар	Да	170	162#163#164#165#166#167#168#169#171#172#173	Бесплатная	Через ТЦ	2	4,8	356	44,5	да
Грузинские каникулы	Крылатая ул., 2, жилой массив Пашковский, Краснодар	Да	171	162#163#164#165#166#167#168#169#170#172#173	Бесплатная	Через ТЦ	2	4,9	1121	560,5	да
iL Патио	Крылатая ул., 2, жилой массив Пашковский, Краснодар	Да	172	162#163#164#165#166#167#168#169#170#171#173	Бесплатная	Через ТЦ	2	4,7	223	27,875	да
Крошка Картошка	Крылатая ул., 2, жилой массив Пашковский, Краснодар	Да	173	162#163#164#165#166#167#168#169#170#171#172	Бесплатная	Через ТЦ	2	3,3	37	5,28	да
Кофе	ул. имени В.Н. Мачуги, 84	Нет	174		Бесплатная	С улицы	1	5	29	29	да
RichArt	ул. имени В.Н. Мачуги, 101	Нет	175		Платная	Через здание (Не ТЦ)	-1	4,4	136	13,6	да
Вкусный Досуг	ул. имени Дмитрия Благоева, 10/3	Нет	176		Бесплатная	С улицы	1	5	60	60	да
Восток-сити	ул. имени Игнатова, 18	Нет	177	178#179	Отсутсвует	С улицы	1	4,6	98	19,6	да
СушиВесла	ул. имени Игнатова, 18	Нет	178	177#179	Отсутсвует	С улицы	1	4,5	62	12,4	да
Лавка	ул. имени Игнатова, 18/1	Нет	179	177#178	Отсутсвует	С улицы	1	4,4	5	5	да
СушиВесла	ул. имени В.Н. Мачуги, 2	Нет	180		Бесплатная	С улицы	1	4,8	91	11,375	да
ФоБо-ТомЯм	Трамвайная ул., 2/16	Нет	181	182	Отсутсвует	С улицы	1	5	52	52	да
Енот Молотый	Трамвайная ул., 2/16	Нет	182	181	Отсутсвует	С улицы	1	5	179	59,6	да
Общепит	Трамвайная ул., 1/1	Нет	183		Отсутсвует	С улицы	1	4,3	39	3,9	да
ЯпонБар	Трамвайная ул., 1/1	Нет	184		Отсутсвует	С улицы	1	4,3	11	11	да
Дар Пицца	Старокубанская ул., 123/2	Нет	185		Бесплатная	С улицы	1	4,3	647	92,4	да
Trace	Ставропольская ул., 318	Нет	186		Отсутсвует	С улицы	1	5	50	50	да
Точка теста	Кубанская ул., 54	Нет	187	188#189	Отсутсвует	С улицы	1	5	209	41,8	да
Enjoyce	Кубанская ул., 54	Нет	188	187#189	Отсутсвует	С улицы	-1	5	171	24,42	да
Патрик&Мари	Кубанская ул., 54	Нет	189	187#188	Отсутсвует	С улицы	1	4,9	513	128,25	да
Lawash shaurma	Ставропольская ул., 39	Нет	190		Отсутсвует	С улицы	1	4,1	6	0,75	да
Пивнарь	Ставропольская ул., 254	Нет	191		Отсутсвует	С улицы	1	4,3	25	4,16	да
Между парами	Ставропольская ул., 159	Нет	192	193	Отсутсвует	С улицы	1	5	56	56	да
Сойка	Ставропольская ул., 159	Нет	193	192	Отсутсвует	С улицы	1	4,8	16	16	да
Диалог	Ставропольская ул., 151	Нет	194	195	Отсутсвует	С улицы	1	4,9	332	66,4	да
Кофейня 62	Ставропольская ул., 151	Нет	195	194	Отсутсвует	С улицы	1	4,7	70	35	да
Чудо печка	Ставропольская улица, 230	Нет	196		Отсутсвует	С улицы	1	4	45	15	да
News&coffee	Ставропольская ул., 228	Нет	197		Отсутсвует	С улицы	1	4,5	110	13,75	да
Любо	Ставропольская ул., 226	Нет	198	199#200#201	Отсутсвует	С улицы	1	4,5	173	15,7	да
Биба-Боба	Ставропольская ул., 226	Нет	199	198#200#201	Отсутсвует	С улицы	1	5	71	71	да
Cuba	Ставропольская ул., 226	Нет	200	198#199#201	Отсутсвует	С улицы	1	5	215	71,6	да
Издательство кофе	Ставропольская ул., 226	Нет	201	198#199#200	Отсутсвует	С улицы	1	4,8	347	57,8	да
Птичка-Невеличка	Александровский бульвар, Красная улица, 133а, Краснодар	Нет	202		Отсутсвует	С улицы	1	5	5428	775,4	да
Вкусно — и точка	Александровский бульвар, Красная улица, 127/1, Краснодар	Нет	203		Отсутсвует	С улицы	1	4,6	1018	339,3	да
Rodina южной кухни	Рашпилевская улица, 106а, Краснодар	Нет	204	206#207	Платная	С улицы	1	5	1875	625	да
Wok Cafe	Красная улица, 113, Краснодар	Нет	205		Бесплатная	С улицы	-1	4,9	883	294,3	да
Нахлебник	Рашпилевская улица, 106а, Краснодар	Нет	206	204#207	Платная	С улицы	1	5	1413	706,5	да
Стерлядь	Рашпилевская улица, 106а, Краснодар	Нет	207	204#206	Платная	С улицы	1	4,6	51	51	да
Сельдерей	БЦ Патриот, Аэродромная улица, 4, Краснодар	Нет	208		Платная	С улицы	1	4,5	183	36,6	да
Центральная	Северная ул., 324А	Нет	209		Платная	С улицы	1	4,4	13	13	да
Кубана Тоскана	Пашковская улица, 84, Краснодар	Нет	210		Платная	С улицы	1	5	1193	431	да
Жажда вкуса	​Улица Будённого, 145	Нет	211		Отсутсвует	С улицы	1	4,8	778	259,3	да
Pastorie	Красная улица, 174, Краснодар	Нет	212		Платная	С улицы	1	4,7	83	83	да
Иглубар	Улица Бабушкина, 285, Краснодар	Нет	213	343	Бесплатная	Через здание (Не ТЦ)	7	4,8	32	32	да
Pompano	Красная улица, 120, Краснодар	Нет	214	34	Отсутсвует	Через здание (Не ТЦ)	21	4,5	204	34	да
Friesman	ул. Коммунаров, 179	Нет	215		Отсутсвует	С улицы	1	4,3	85	17	да
Новые лица	Пашковская улица, 61/1, Краснодар	Нет	216		Платная	С улицы	1	5	517	172,3	да
Триумф	Промышленная улица, 15, Краснодар	Нет	217		Отсутсвует	С улицы	1	4,6	196	49	да
La vaca	Аэродромная улица, 13, Краснодар	Нет	218		Платная	С улицы	1	4,9	716	143,2	да
Вкусно — и точка	​Улица Янковского, 157, Краснодар	Нет	219		Отсутсвует	С улицы	1	4,4	257	64,25	да
Nua Center	Улица Горького, 104, Краснодар	Нет	220		Отсутсвует	С улицы	1	4,8	115	16,4	да
Горожане	Красная улица, 77, Краснодар	Нет	221		Отсутсвует	С улицы	-1	5	86	86	да
Beat love	Красноармейская улица, 68, Краснодар	Нет	222		Платная	С улицы	1	4,2	212	26,5	да
Vinokurov karaoke-rest	Улица Коммунаров, 266/4, Краснодар	Нет	223		Платная	С улицы	1	4,9	182	45,5	да
Ff90	Красная улица, 90, Краснодар	Нет	224	160	Отсутсвует	С улицы	1	4,9	78	26	да
Шашлычный двор	Хакурате, 32, Краснодар	Нет	225		Отсутсвует	С улицы	1	4,3	170	21,25	да
Сыроварня	Гостиница Москва, Красная улица, 60, Краснодар	Нет	226		Отсутсвует	С улицы	1	5	2145	536,25	да
Билли	Красная улица, 72, Краснодар	Нет	227	241	Платная	Через здание (Не ТЦ)	4	4,8	453	56,625	да
Кофе Внорме	Кузнечная улица, 6, Краснодар	Нет	228		Платная	Через здание (Не ТЦ)	5	4,9	24	12	да
Studio64	Красная улица, 64, Краснодар	Нет	229		Платная	Через здание (Не ТЦ)	2	5	1101	367	да
Tori ramen	Красноармейская улица, 51, Краснодар	Нет	230		Платная	С улицы	1	4,7	106	106	да
Детектив, где вы?	Красноармейская улица, 45, Краснодар	Нет	231		Платная	Через арку	2	5	553	110,6	да
Настаятель 	Красноармейская улица, 66, Краснодар	Нет	232		Платная	С улицы	1	5	140	70	да
Шот бар	Карасунская ул., 67	Нет	233		Отсутсвует	С улицы	-1	4,4	4	4	да
Ёкай	Красная улица, 88, Краснодар	Нет	234	156	Отсутсвует	С улицы	1	4,9	112	37,3	да
Раковарня Ивана Раковара	Рашпилевская улица, 74, Краснодар	Нет	235		Бесплатная	С улицы	1	5	678	135,6	да
Кими	Улица Чапаева, 90, Краснодар	Нет	236		Отсутсвует	С улицы	1	4,8	79	39,5	да
Arin-Berd	Северная улица, 343, Краснодар	Нет	237		Платная	С улицы	1	4,8	440	110	да
КиВи	ул. Бабушкина, 277	Нет	238		Бесплатная	С улицы	1	5	64	21,3	да
Холостяк романтики	Красная улица, 74, Краснодар	Нет	239		Платная	С улицы	-1	4,7	442	55,25	да
Чарули	Улица Красных Партизан, 521, Краснодар	Нет	240		Платная	С улицы	1	4,4	371	53	да
Оборотень	Красная улица, 72, Краснодар	Нет	241	227	Платная	Через здание (Не ТЦ)	2	5	67	67	да
Курага	ул. Бабушкина, 295	Нет	242		Платная	Через здание (Не ТЦ)	-1	4,7	111	12,3	да
#ВафлиВафли	Красная ул., 159	Нет	243		Отсутсвует	С улицы	1	4,7	1232	308	да
Теремок	Красная улица, 78, Краснодар	Нет	244		Отсутсвует	С улицы	1	4,4	380	42,2	да
Йоргос	Карасунская улица, 82/2, Краснодар	Нет	245		Платная	С улицы	1	4,9	327	109	да
Безумно. Крутая шаурма	Одесская улица, 35, Краснодар	Нет	246	252	Платная	С улицы	1	5	258	129	да
Стефания	Кубанская набережная, 186/1, Краснодар	Нет	247		Отсутсвует	С улицы	1	4,9	1293	431	да
Разговоры	Улица Коммунаров, 76, Краснодар	Нет	248		Платная	Через здание (Не ТЦ)	14	5	848	212	да
Ридна Хата 	Красная улица, 65, Краснодар	Нет	249	53	Отсутсвует	С улицы	-1	4,7	530	66,25	да
Morkoffka	​Красная улица, 180, Краснодар	Нет	250		Платная	С улицы	1	4,6	11	3,6	да
Лаваш Таун	​Карасунская улица, 86, Краснодар	Нет	251		Платная	С улицы	1	4,6	514	57,1	да
Мистер сэндвич	Одесская улица, 35, Краснодар	Нет	252	246	Платная	С улицы	1	4,9	64	32	да
Народная	Красная улица, 143, Краснодар	Нет	253		Бесплатная	С улицы	1	4,3	75	5,7	да
Yankee Sierra	Гимназическая улица, 65, Краснодар	Нет	254		Платная	С улицы	1	5	75	75	да
Frank by Баста	​Дальняя улица, 8 к1, Краснодар	Нет	255	46	Платная	С улицы	1	5	3282	1 641	да
Просуши	ул. Тюляева, 4/2	Нет	256		Платная	С улицы	1	4,6	417	59,57	да
Альмааида	​Ярославская улица, 111/1	Нет	257		Бесплатная	С улицы	1	4,5	129	18,42	да
Столовая	Ярославская улица, 111	Нет	258		Бесплатная	С улицы	1	4,4	5	2,5	да
Золотая подкова	Ростовское шоссе, 14/2а	Нет	259		Бесплатная	С улицы	1	4,7	695	115,83	да
Wаурма от души	Улица Дзержинского, 62	Нет	260	266	Бесплатная	С улицы	1	4,2	47	23,5	да
Мангал	ул. Репина, 5	Нет	261		Бесплатная	С улицы	1	4,4	39	19,5	да
Быстрое питание	Краснодар, микрорайон 9-й километр, Ярославская улица	Нет	262		Бесплатная	С улицы	1	4,6	54	13,5	да
Стрит Шеф	ул. Грибоедова, 79, микрорайон 9-й километр	Нет	263		Бесплатная	С улицы	1	4,3	6	3	да
Рай	ул. Грибоедова, 71, микрорайон 9-й километр	Нет	264		Бесплатная	С улицы	1	4,5	20	10	да
Пекарня № 1	2-й пр. Талалихина, 32, микрорайон 9-й километр	Нет	265		Бесплатная	С улицы	1	4,6	80	16	да
Дим кофе	ул. имени Дзержинского, 62	Нет	266	260	Бесплатная	С улицы	1	4,4	6	1,5	да
Vaffel	ул. имени Дзержинского, 95	Нет	267		Платная	С улицы	1	4,7	42	42	да
Патрик&Мари	ул. Шоссе Нефтяников, 63	Нет	268		Платная	С улицы	1	4,9	1030	257,5	да
Уч-кудук	пр. Репина, 12	Нет	269		Отсутсвует	С улицы	1	5	159	79,5	да
Republic	пр. Репина, 2	Нет	270		Бесплатная	С улицы	1	4,5	231	38,5	да
Rostic's	ул. Шоссе Нефтяников, 42	Да	271	272#273#276	Платная	С улицы	1	4,4	358	44,75	да
Рябиновые бусы	ул. Шоссе Нефтяников, 42	Да	272	271#273#276	Платная	Через ТЦ	1	4,9	21	10,5	да
Суши-Маркет	ул. Шоссе Нефтяников, 42	Да	273	271#272#276	Платная	Через ТЦ	1	4,7	136	34	да
Мистер Сэндвич	пр. Репина, 4А	Нет	274		Отсутсвует	С улицы	1	4,9	292	146	да
Вкусно — и точка	пр. Репина, 5А	Нет	275		Бесплатная	С улицы	1	4,5	314	157	да
Теремок	ул. Шоссе Нефтяников, 42	Да	276	271#272#273	Платная	Через ТЦ	1	4,3	96	12	да
Бургер Кинг	ул. имени Дзержинского, 42	Да	277	278	Бесплатная	Через ТЦ	1	4,5	391	130,3	да
Mybox	ул. имени Дзержинского, 42	Да	278	277	Бесплатная	Через ТЦ	1	4,4	59	9,83	да
Гурман	ул. Шоссе Нефтяников, 28, Краснодар	Да	279		Платная	Через ТЦ	1	4,5	19	9,5	да
Кеат	ул. Репина, 2И	Нет	280		Отсутсвует	С улицы	1	4,7	240	30	да
Кебаб в лаваше	ул. Шоссе Нефтяников, 32	Нет	281		Платная	С улицы	1	4,5	269	38,42	да
В гостях у бабушки	ул. 2-я Линия Нефтяников, 10	Нет	282		Бесплатная	С улицы	1	4,3	46	5,75	да
Cibo Gustoso	ул. Фёдора Лузана, 13	Нет	283		Платная	С улицы	1	3,8	11	3,6	да
Мадам Повари	Дальняя ул., 2/7	Нет	284		Платная	С улицы	1	4,8	190	27,14	да
Хмельной повар	пр. Репина, 3, корп. 1	Нет	285		Бесплатная	Через здание (Не ТЦ)	2	5	522	261	да
Цех этого города	Дальняя ул., 41	Нет	286		Бесплатная	Через здание (Не ТЦ)	2	5	1693	846,5	да
Папа Джонс	Дальняя ул., 39/3	Нет	287		Платная	С улицы	1	4,6	548	42,15	да
Rollissimo	Гаражная ул., 104	Нет	288	335#391	Платная	С улицы	1	5	302	100,6	да
Хмельной повар	Гаражная ул., 83/1	Нет	289		Платная	С улицы	1	5	932	310,6	да
Чочо	Дальняя ул., 41/1	Нет	290		Бесплатная	С улицы	1	5	1926	963	да
Frank by Баста	Дальняя ул., 8, корп. 1, Краснодар	Нет	291	35	Платная	С улицы	1	5	3168	3168	да
Джимми Чу	Краснодар, улица имени Тургенева	Нет	292		Платная	С улицы	1	5	1254	418	да
Голый шеф	Дальняя ул., 43	Нет	293		Платная	С улицы	1	5	1086	543	да
Жажда вкуса	ул. Монтажников, 3, Фестивальный микрорайон	Нет	294		Платная	С улицы	1	4,6	808	269,3	да
Српска Кафана	ул. Монтажников, 1, Фестивальный микрорайон	Нет	295		Платная	С улицы	1	4,9	697	139,4	да
Сицилия	Дальний пр., 3, Фестивальный микрорайон	Нет	296		Платная	С улицы	1	4,9	896	298,6	да
Главная сцена	ул. Красных Партизан, 228/28	Нет	297		Бесплатная	С улицы	1	5	512	64	да
Тони Монтана	ул. Красных Партизан, 218	Нет	298	312	Платная	С улицы	1	4,9	222	27,75	да
Караоке-холл Бордо	ул. Красных Партизан, 521	Нет	299		Платная	С улицы	1	4,9	300	37,5	да
Винология	ул. Бабушкина, 295, Краснодар	Нет	300		Бесплатная	С улицы	1	5	109	36,3	да
Штофф-бар Трюм	Красная ул., 143/1	Нет	301		Бесплатная	С улицы	1	5	52	26	да
Бельчини Пицца	Гаражная ул., 96	Нет	302	386	Бесплатная	С улицы	1	5	35	27,5	да
Вхламинго	Гаражная ул., 64А	Нет	303		Платная	Через здание (Не ТЦ)	2	4,3	142	35,5	да
Линия Кофе	Рашпилевская ул., 179/1	Нет	304	333#407#414	Бесплатная	Через здание (Не ТЦ)	1	4,8	19	19	да
Nami delivery	ул. Бабушкина, 217	Нет	305		Бесплатная	С улицы	1	5	28	14	да
Бургер Кинг	Красная ул., 160	Нет	306		Платная	С улицы	1	4,5	1286	428,6	да
The Кухня	ул. Красных Партизан, 170/1	Нет	307		Отсутсвует	С улицы	1	4,8	1196	398,6	да
Ihsan	ул. Красных Партизан, 491	Нет	308		Отсутсвует	С улицы	1	4,9	992	330,6	да
Птичка-Невеличка	Красная ул., 133А	Нет	309		Отсутсвует	С улицы	1	5	5347	5347	да
Бумбараш	Красная ул., 143/3	Нет	310		Отсутсвует	С улицы	1	5	4314	1 078,50	да
La Vaca	Аэродромная ул., 13	Нет	311		Платная	С улицы	1	4,9	713	142,6	да
МакКей	ул. Красных Партизан, 218	Нет	312	298	Платная	С улицы	1	4,6	373	31,08	да
Магадан	ул. Бабушкина, 285	Нет	313		Платная	С улицы	1	5	943	471,5	да
Хинкали House	ул. имени Тургенева, 122	Нет	314		Платная	С улицы	1	4,7	1128	376	да
Дон Ламаджо	ул. Красных Партизан, 483	Нет	315		Платная	С улицы	1	5	113	56,5	да
Сдобное место	ул. Красных Партизан, 519	Нет	316		Платная	С улицы	-1	4,8	202	25,25	да
Угли-Угли	ул. имени Тургенева, 126/1	Нет	317		Бесплатная	С улицы	1	5	1767	589	да
Лаваш шашлык	ул. имени Тургенева, 88/1	Нет	318		Бесплатная	С улицы	1	4,8	1125	562,5	да
Тут кухня	ул. Красных Партизан, 475	Нет	319		Платная	С улицы	1	4,7	1100	275	да
Pro. Хинкали by Novikov	Красная ул., 127	Нет	320		Платная	С улицы	1	5	1305	1305	да
Винология	ул. Бабушкина, 295	Нет	321		Бесплатная	С улицы	1	5	109	36,3	да
Хоровац	ул. Бабушкина, 222	Нет	322		Бесплатная	С улицы	1	4,3	119	10,8	да
КонгресТ	ул. имени П.М. Гаврилова, 1, Краснодар	Нет	323		Бесплатная	С улицы	1	4,5	117	19,5	да
Greece burger	Северная ул., 285/1	Нет	324		Платная	С улицы	1	4,8	786	262	да
Бургер Кинг	Красная ул., 160	Нет	325		Платная	С улицы	1	4,5	1287	643,5	да
Бельчини Пицца	Гаражная ул., 96	Нет	326	386	Бесплатная	С улицы	1	5	36	36	да
Тони Монтана	ул. Красных Партизан, 218	Нет	327	312	Платная	С улицы	1	4,9	215	26,875	да
Ristorante il Partisano	ул. Красных Партизан, 557	Нет	328		Платная	С улицы	1	4,9	427	53,375	да
У Близнецов	ул. Красных Партизан, 533	Нет	329		Отсутсвует	С улицы	1	4,3	181	15,08	да
Шаурма Вкус Востока	ул. Гагарина, 238/1	Нет	330		Бесплатная	С улицы	1	4,6	288	36	да
Дар Пицца	ул. Красных Партизан, 443/1	Нет	331		Отсутсвует	Через здание (Не ТЦ)	2	4,4	573	71,625	да
Theo	Октябрьская ул., 181/2к3	Нет	332		Отсутсвует	С улицы	1	4,9	307	43,8	да
Кулинарные истории	Рашпилевская ул., 179/1	Нет	333	304#407#414	Бесплатная	Через здание (Не ТЦ)	1	4,9	219	43,8	да
Джентльмены удачи	ул. имени Тургенева, 139/1	Нет	334		Бесплатная	С улицы	1	4,6	578	289	да
Грузинское наследие	Гаражная ул., 104	Нет	335	288#391	Платная	Через здание (Не ТЦ)	1	4,7	136	68	да
GoodFood	ул. Красных Партизан, 196	Нет	336		Платная	С улицы	1	5	59	29,5	да
Ефремыч House	Аэродромная ул., 61	Нет	337		Отсутсвует	С улицы	1	4,3	243	22,09	да
Сельдерей	Аэродромная ул., 4	Нет	338		Платная	С улицы	1	4,5	183	36,6	да
Фобо-Томям	Красная ул., 164	Нет	339	498	Бесплатная	С улицы	1	4,5	6	6	да
Золотая долина	ул. Красных Партизан, 178/1	Нет	340		Бесплатная	С улицы	1	4,4	46	9,2	да
Грил Бум	Аэродромная ул., 147	Нет	341		Отсутсвует	С улицы	1	5	34	34	да
Kariba	Аэродромная ул., 95	Нет	342		Бесплатная	Через здание (Не ТЦ)	1	4,8	20	20	да
Иглубар	ул. Бабушкина, 285	Нет	343	213	Бесплатная	С улицы	7	4,8	36	36	да
Вкусно — и точка	Красная ул., 127/1	Нет	344		Отсутсвует	С улицы	1	4,6	994	331,3	да
Рыбка by Angela	ул. имени П.М. Гаврилова, 88	Нет	345	355#406	Платная	С улицы	1	4,6	128	64	да
Барракуда+	ул. Бабушкина, 218	Нет	346		Отсутсвует	С улицы	1	4,7	8	8	да
Boutique	ул. Красных Партизан, 204	Нет	347		Платная	С улицы	1	4,3	3	3	да
Атлантида	ул. Котовского, 78/1	Нет	348		Платная	С улицы	1	5	80	40	да
Щи-борщи	ул. имени Калинина, 327/5	Нет	349		Платная	Через здание (Не ТЦ)	2	4,8	116	19,3	да
Кракен	Рашпилевская ул., 216	Нет	350		Бесплатная	С улицы	1	4,9	218	43,6	да
Мясо на огне	ул. имени П.М. Гаврилова, 12	Нет	351		Отсутсвует	С улицы	1	4,6	17	4,25	да
Самвелыч	Северная ул., 245	Нет	352		Платная	С улицы	1	4,7	23	23	да
Перерыв	Северная ул., 326	Нет	353		Отсутсвует	Через здание (Не ТЦ)	1	5	35	35	да
Вхламинго	Гаражная ул., 64А	Нет	354		Платная	Через здание (Не ТЦ)	2	4,3	142	35,5	да
Zanoza	ул. имени П.М. Гаврилова, 88	Нет	355	345#406	Платная	С улицы	1	4,7	334	111,3	да
СушиСтор	ул. имени Тургенева, 102	Нет	356		Платная	С улицы	1	4,5	213	26,625	да
Театральное	Фестивальная ул., 21/1	Нет	357		Бесплатная	С улицы	1	4,4	89	12,7	да
Народная столовая	Красная ул., 143	Нет	358		Платная	С улицы	1	4,3	75	5,7	да
DavidRobertSons	Гаражная ул., 106	Нет	359		Бесплатная	С улицы	1	5	127	25,4	да
Хлебные истории	ул. имени Тургенева, 138/3	Нет	360		Бесплатная	С улицы	1	4,5	218	54,5	да
Шаурма от души	Красная ул., 145/1	Нет	361		Платная	С улицы	1	4,4	348	49,7	да
Бар Nebar	ул. Бабушкина, 291/1	Нет	362		Платная	С улицы	1	5	1292	646	да
Главная сцена	ул. Красных Партизан, 228/28	Нет	363		Бесплатная	С улицы	1	4,8	524	65,5	да
Встреча	Северная ул., 255	Нет	364		Бесплатная	С улицы	1	4,4	80	10	да
СушиФан	ул. имени Тургенева, 109	Нет	365	388	Бесплатная	С улицы	1	4,7	623	89	да
Rollissimo	Гаражная ул., 104	Нет	366	335#391	Платная	С улицы	1	5	302	100,6	да
Nami delivery	ул. Бабушкина, 217	Нет	367		Бесплатная	С улицы	1	5	1	1	да
Альберто	ул. имени П.М. Гаврилова, 27	Нет	368		Отсутсвует	С улицы	1	4,7	15	3,75	да
Чёрная Мамба	Гаражная ул., 92	Нет	369		Платная	Через здание (Не ТЦ)	2	4,6	110	22	да
Кимчи и точка	ул. имени П.М. Гаврилова, 60/1	Нет	370		Бесплатная	С улицы	1	4,3	5	5	да
BBQ	Аэродромная ул., 163	Нет	371		Отсутсвует	С улицы	1	4,3	19	2,7	да
Cotton Cars	Рашпилевская ул., 241	Нет	372		Бесплатная	С улицы	1	4,2	19	19	да
Караоке-холл Бордо	ул. Красных Партизан, 521	Нет	373		Платная	С улицы	1	5	285	28,5	да
Китчен Ям Ям	Северная ул., 324А	Нет	374		Отсутсвует	С улицы	1	4,3	12	12	да
Urban Pub	Северная ул., 354	Нет	375		Отсутсвует	С улицы	1	4,8	228	28,5	да
Столовая	ул. Фрунзе, 186/2	Нет	376		Платная	С улицы	1	4,4	22	3,6	да
Чизкеечная Blanca	Морская ул., 54Б	Нет	377		Отсутсвует	С улицы	1	5	45	45	да
Зацепи кофе	Красная ул., 137	Нет	378	383#476#478#493#496	Платная	С улицы	1	4,7	378	47,25	да
Шашлычный центр	ул. Володи Головатого, 260	Нет	379		Бесплатная	С улицы	1	4,4	8	8	да
Мастерская кофе	ул. Красных Партизан, 194	Нет	380		Платная	С улицы	1	4,9	44	14,6	да
Столовая	Северная ул., 279	Нет	381		Платная	С улицы	1	4	14	2,3	да
Винегретто	ул. Красных Партизан, 238	Нет	382		Платная	Через здание (Не ТЦ)	7	3,9	2	1	да
Библиотека кофе	Красная ул., 137	Нет	383	378#476#478#493#496	Платная	С улицы	1	4,7	390	55,7	да
Шу	Красная ул., 162	Нет	384		Платная	С улицы	1	4,8	20	20	да
Вагаси моти	ул. имени Тургенева, 134	Нет	385	405	Платная	С улицы	1	4,8	38	19	да
Mons	Гаражная ул., 96	Нет	386	326	Бесплатная	С улицы	1	4	1	1	да
Сибас Суши	ул. Бабушкина, 252	Нет	387		Платная	С улицы	1	4,9	5	5	да
Диалог	ул. имени Тургенева, 109	Нет	388	365	Платная	С улицы	-1	4,6	67	8,375	да
Наша эксклюзивная столовая и кофейня	ул. Красных Партизан, 192	Нет	389		Платная	С улицы	1	5	1	1	да
Sundali	Аэродромная ул., 168/7	Нет	390		Бесплатная	С улицы	1	4,9	661	132,2	да
Манифест	Гаражная ул., 104	Нет	391	288#335	Платная	С улицы	1	5	51	51	да
Cofferencia	Одесская ул., 26Б	Нет	392		Бесплатная	С улицы	1	4,9	42	21	да
Сахарный домик	Рашпилевская ул., 185	Нет	393		Платная	С улицы	1	4,4	51	8,5	да
Шелк	ул. Фрунзе, 169	Нет	394		Платная	С улицы	1	4,6	16	16	да
Larriping	Северная ул., 281	Нет	395		Платная	С улицы	1	4,9	136	17	да
Лео	ул. Красных Партизан, 479	Нет	396		Платная	С улицы	1	5	75	37,5	да
Маяковский	ул. имени Калинина, 269	Нет	397		Бесплатная	С улицы	1	4,9	541	67,6	да
Годзи Кофе	ул. Монтажников, 1А	Нет	398		Платная	С улицы	1	4,4	88	88	да
Кофе с горкой	Морская ул., 43	Нет	399		Отсутсвует	С улицы	1	4,9	39	13	да
Neo Coffee	ул. Красных Партизан, 469	Нет	400		Платная	С улицы	1	4,7	53	8,83	да
ГудВуд кофе	ул. Братьев Игнатовых, 182	Нет	401		Отсутсвует	С улицы	1	4,9	41	10,25	да
Кофе Доги	Одесская ул., 26/1	Нет	402		Бесплатная	С улицы	1	4,4	23	23	да
Зерно	Гаражная ул., 88	Нет	403		Бесплатная	С улицы	1	4,5	67	22,3	да
Кофеloveka	Гаражная ул., 80	Нет	404		Платная	С улицы	1	4,6	39	13	да
One Price Coffee	ул. имени Тургенева, 134	Нет	405	385	Платная	С улицы	1	4,8	51	25,5	да
Krist’Al	ул. имени П.М. Гаврилова, 88	Нет	406	345#355	Платная	С улицы	1	4,4	38	12,6	да
А-кофе	Рашпилевская ул., 179/1	Нет	407	304#333#414	Отсутсвует	С улицы	1	4,7	58	14,5	да
Beerлога	Афипский пер., 4/1	Нет	408		Отсутсвует	С улицы	1	4,4	27	5,4	да
Центральная Кофейня	Морская ул., 14	Нет	409		Платная	С улицы	1	4,7	52	17,3	да
Donuts&coffee	Октябрьская ул., 183	Нет	410		Отсутсвует	С улицы	-1	4,4	44	8,8	да
Кофеберри	ул. Красных Партизан, 206	Нет	411		Платная	Через здание (Не ТЦ)	2	3,9	2	2	да
Улыбка	ул. Красных Партизан, 503	Нет	412		Бесплатная	С улицы	1	4	1	1	да
Хлеб с ветчиной	Северная ул., 324М	Нет	413		Отсутсвует	С улицы	1	4,6	14	2	да
Линия Кофе	Рашпилевская ул., 179/1	Нет	414	304#333#407	Отсутсвует	С улицы	1	4,8	19	19	да
Теплые страны	Красная ул., 169/1	Нет	415		Отсутсвует	С улицы	1	5	755	377,5	да
Куркума	ул. Шоссе Нефтяников, 11	Нет	416		Отсутсвует	Через здание (Не ТЦ)	2	4,3	567	81	да
Бистро Дача	Красная ул., 206	Нет	417	420	Отсутсвует	С улицы	1	4,9	10	10	да
Тепло на Авроре	Красная ул., 204	Нет	418	422	Платная	С улицы	-1	4,9	430	86	да
Ресторан	Колхозная ул., 86А	Нет	419		Отсутсвует	С улицы	1	4,2	49	4,083	да
Surf Coffee x Aurora	Красная ул., 206	Нет	420	417	Отсутсвует	С улицы	1	4,8	329	47	да
Чебуречная	Колхозная ул., 73/1с3	Нет	421		Бесплатная	С улицы	1	4,2	15	3	да
Зацепи Кофе	Красная ул., 204	Нет	422	418	Платная	С улицы	1	5	85	85	да
Пекарня	ул. Шоссе Нефтяников, 13/1	Нет	423		Отсутсвует	С улицы	1	4,4	26	8,6	да
Петрушка	ул. Коммунаров, 268	Нет	424	425#453#508	Платная	С улицы	1	5	948	316	да
Candle	ул. Коммунаров, 268	Нет	425	424#453#508	Платная	С улицы	1	5	37	37	да
Кофис	ул. Коммунаров, 276А	Нет	426		Отсутсвует	С улицы	1	4,9	32	32	да
Щи-Борщи	ул. Коммунаров, 266/3	Нет	427	457#514#547	Платная	С улицы	1	4,9	162	40,5	да
Голый повар	Красная ул., 176лит1/1	Нет	428		Отсутсвует	Через здание (Не ТЦ)	2	4,9	1328	442,6	да
Безумно	Одесская ул., 35	Нет	429	439#511#528#539	Платная	С улицы	1	5	251	125,5	да
Кавказ	Одесская ул., 48Д	Нет	430		Отсутсвует	С улицы	1	5	957	319	да
Хлебные истории	Красная ул., 176, корп. 8	Да	431	433#435#436#441	Платная	Через ТЦ	1	4,8	1018	254,5	да
Чайная История	Красная ул., 176/5	Да	432	440#443#455#468	Платная	Через ТЦ	1	5	111	27,75	да
Вкусно — и точка	Красная ул., 176, корп. 8	Да	433	431#435#436#441	Платная	Через ТЦ	1	4,5	460	115	да
Тарелка	Одесская ул., 40/1	Нет	434		Платная	С улицы	1	4,9	600	85,7	да
Хаяо	Красная ул., 176, корп. 8	Да	435	431#433#436#441	Платная	Через ТЦ	1	5	3130	1 043,30	да
Паста в голове	Красная ул., 176, корп. 8	Да	436	431#433#435#441	Платная	Через ТЦ	1	5	193	193	да
Рест-кафе	Красная ул., 190/1	Нет	437	550	Отсутсвует	С улицы	1	4,4	362	45,25	да
Додо Пицца	ул. Коммунаров, 268/1	Нет	438		Отсутсвует	С улицы	1	4,7	595	119	да
Мистер Сэндвич	Одесская ул., 35	Нет	439	429#511#528#539	Платная	С улицы	1	4,9	64	32	да
Panko	Красная ул., 176/5	Да	440	432#443#455#468	Платная	Через ТЦ	1	5	125	125	да
Печка	Красная ул., 176, корп. 8	Да	441	431#433#435#436	Платная	Через ТЦ	1	5	597	298,5	да
Голод	ул. Коммунаров, 268А	Нет	442		Платная	Через здание (Не ТЦ)	3	5	99	99	да
Дядя Пышкин	Красная ул., 176/5	Да	443	432#440#455#468	Платная	Через ТЦ	1	5	115	57,5	да
Тарелка	Красная ул., 176лит5/1	Да	444	448#542	Отсутсвует	Через ТЦ	1	4,2	26	8,6	да
Good Food	Одесская ул., 48В	Нет	445	449#451#534#540	Платная	С улицы	1	5	113	28,25	да
Культ Кофе	ул. Коммунаров, 268Б	Нет	446		Платная	С улицы	1	4,9	50	25	да
Небеса Туть	Красная ул., 165/1	Нет	447		Платная	С улицы	1	5	61	61	да
Тарелка	Красная ул., 176лит5/1	Да	448	444#542	Отсутсвует	Через ТЦ	1	4,2	26	8,6	да
Good Food	Одесская ул., 48В	Нет	449	445#451#534#540	Платная	С улицы	1	5	113	28,25	да
Культ Кофе	ул. Коммунаров, 268Б	Нет	450		Платная	С улицы	1	4,9	50	25	да
Тепло в Одном Театре	Одесская ул., 48В	Нет	451	445#449#534#540	Платная	С улицы	1	4,7	54	18	да
Небеса Туть	Красная ул., 165/1	Нет	452		Платная	С улицы	1	5	61	61	да
Марокканец	ул. Коммунаров, 268	Нет	453	424#425#508	Платная	С улицы	1	4,4	14	14	да
Сноб Кофе	Красная ул., 165/2	Нет	454		Отсутсвует	С улицы	1	4,4	185	61,6	да
Осетинские пироги	Красная ул., 176/5	Да	455	432#440#443#468	Платная	Через ТЦ	1	3,4	51	10,2	да
Кофейные истории	Красная ул., 176лит5/2	Да	456	546	Платная	Через ТЦ	1	4,4	71	10,14	да
Only fresh coffee	ул. Коммунаров, 266/3	Нет	457	427#547#514	Платная	С улицы	1	4,3	8	8	да
Птичка-Невеличка	Красная ул., 133А	Нет	458		Отсутсвует	С улицы	1	5	5771	1 923,60	да
Sofi	Красная ул., 174/3	Нет	459	471#473	Отсутсвует	С улицы	1	5	517	517	да
Тори Рамен	Красная ул., 172/1	Нет	460		Бесплатная	С улицы	1	5	4025	2 012,50	да
Greece burger	Северная ул., 285/1	Нет	461		Платная	С улицы	1	4,8	798	266	да
Pho Bo	Красная ул., 176/5с1	Да	462	463#469#472#477#480#482#483#484#487#488#489#490#492#494#495#500#502	Платная	Через ТЦ	1	5	540	67,5	да
Старик Хинкалыч	Красная ул., 176/5с1	Да	463	462#469#472#477#480#482#483#484#487#488#489#490#492#494#495#500#502	Платная	Через ТЦ	1	4,9	928	928	да
Вкусные традиции	Путевая ул., 1	Нет	464		Платная	С улицы	1	4,4	4	4	да
Вкусно — и точка	ул. Янковского, 157	Нет	465		Бесплатная	С улицы	1	4,5	884	294,6	да
Градус Баллинга	ул. Хакурате, 9	Нет	466		Бесплатная	С улицы	-1	4,7	765	153	да
Краснодарский парень	Северная ул., 358	Нет	467		Платная	С улицы	1	4,9	2279	1 139,50	да
Цыпкен	Красная ул., 176/5	Да	468	432#440#443#455	Платная	Через ТЦ	1	5	210	210	да
Кореана Light	Красная ул., 176/5с1	Да	469	462#463#472#477#480#482#483#484#487#488#489#490#492#494#495#500#502	Платная	Через ТЦ	1	5	174	58	да
Aberdeen	ул. Хакурате, 3	Нет	470	541	Отсутсвует	С улицы	1	5	214	53,5	да
Pástorie	Красная ул., 174/3	Нет	471	459#473	Отсутсвует	С улицы	1	4,7	83	83	да
Мама Коко	Красная ул., 176/5с1	Да	472	462#463#469#477#480#482#483#484#487#488#489#490#492#494#495#500#502	Платная	Через ТЦ	1	5	6	6	да
Этно-дворик Тулум	Красная ул., 174/3	Нет	473	459#471	Отсутсвует	С улицы	1	4,7	341	85,25	да
ibis	Красноармейская ул., 128	Нет	474		Платная	Через здание (Не ТЦ)	2	4,7	213	26,625	да
Urban Pub	Северная ул., 354	Нет	475		Отсутсвует	С улицы	1	4,8	228	28,5	да
Зацепи кофе	Красная ул., 137	Нет	476	378#383#478#493#496	Платная	С улицы	1	4,7	376	47	да
Tapioka Bubble Bar	Красная ул., 176/5с1	Да	477	462#463#469#472#480#482#483#484#487#488#489#490#492#494#495#500#502	Платная	Через ТЦ	2	5	319	63,8	да
Библиотека кофе	Красная ул., 137	Нет	478	378#383#476#493#496	Платная	С улицы	1	4,7	396	56,57	да
Барак	ул. Володи Головатого, 349/1	Нет	479		Бесплатная	С улицы	1	4,7	105	21	да
Tori Ramen	Красная ул., 176/5с1	Да	480	462#463#469#472#477#482#483#484#487#488#489#490#492#494#495#500#502	Платная	Через ТЦ	1	4,3	238	79,3	да
Триумф	Промышленная ул., 15	Нет	481		Бесплатная	Через здание (Не ТЦ)	6	4,6	196	49	да
ProВафли	Красная ул., 176/5с1	Да	482	462#463#469#472#477#480#483#484#487#488#489#490#492#494#495#500#502	Платная	Через ТЦ	2	4,9	79	26,3	да
Вау сладко	Красная ул., 176/5с1	Да	483	462#463#469#472#477#480#482#484#487#488#489#490#492#494#495#500#502	Платная	Через ТЦ	2	5	53	53	да
Спелый	Красная ул., 176/5с1	Да	484	462#463#469#472#477#480#482#483#487#488#489#490#492#494#495#500#502	Платная	Через ТЦ	1	5	451	112,75	да
Фрайсмен	ул. Коммунаров, 179	Нет	485		Отсутсвует	С улицы	1	4,3	85	17	да
Urban Pub	Северная ул., 354	Нет	486		Отсутсвует	С улицы	1	4,8	228	28,5	да
Всметане	Красная ул., 176/5с1	Да	487	462#463#469#472#477#480#482#483#484#488#489#490#492#494#495#500#502	Платная	Через ТЦ	1	4,9	63	31,5	да
Henshin	Красная ул., 176/5с1	Да	488	462#463#469#472#477#480#482#483#484#487#489#490#492#494#495#500#502	Платная	Через ТЦ	1	4,5	280	70	да
Креветошная	Красная ул., 176/5с1	Да	489	462#463#469#472#477#480#482#483#484#487#488#490#492#494#495#500#502	Платная	Через ТЦ	1	4,5	47	47	да
Пан Kartofan	Красная ул., 176/5с1	Да	490	462#463#469#472#477#480#482#483#484#487#488#489#492#494#495#500#502	Платная	Через ТЦ	1	4,3	41	13,6	да
Вкуснолюбов	Красная ул., 176/7	Да	491	499	Платная	Через ТЦ	1	4,3	57	7,125	да
Перчик	Красная ул., 176/5с1	Да	492	462#463#469#472#477#480#482#483#484#487#488#489#490#494#495#500#502	Платная	Через ТЦ	1	4,6	38	38	да
Зацепи кофе	Красная ул., 137	Нет	493	378#383#476#478#496	Платная	С улицы	1	4,7	379	47,375	да
InCurry	Красная ул., 176/5с1	Да	494	462#463#469#472#477#480#482#483#484#487#488#489#490#492#495#500#502	Платная	Через ТЦ	1	4,1	31	7,75	да
Tapioka Bubble Bar	Красная ул., 176/5с1	Да	495	462#463#469#472#477#480#482#483#484#487#488#489#490#492#494#500#502	Платная	Через ТЦ	2	5	319	63,8	да
Библиотека кофе	Красная ул., 137	Нет	496	378#383#476#478#493	Платная	С улицы	1	4,7	394	56,28	да
Барак	ул. Володи Головатого, 349/1	Нет	497		Бесплатная	С улицы	1	4,7	105	17,5	да
Библиотека кофе	Красная ул., 164	Нет	498	339	Платная	С улицы	1	4,8	207	34,5	да
Gmg	Красная ул., 176/7	Да	499	491	Платная	Через ТЦ	1	1,6	16	3,2	да
Наливкин	Красная ул., 176/5с1	Да	500	462#463#469#472#477#480#482#483#484#487#488#489#490#492#494#495#502	Платная	Через ТЦ	1	4,7	81	27	да
Тема кофе	Северная ул., 299А	Нет	501		Отсутсвует	С улицы	1	4,6	10	10	да
Pierre Eclair	Красная ул., 176/5с1	Да	502	462#463#469#472#477#480#482#483#484#487#488#489#490#492#494#495#500	Платная	Через ТЦ	2	4,8	108	27	да
Дим кофе	Северная ул., 370	Нет	503		Бесплатная	С улицы	1	4,7	112	14	да
Еда Здесь	Садовая ул., 159, стр. 1	Нет	504	543	Бесплатная	С улицы	1	4,7	13	13	да
Вкусно — и точка	Красная ул., 176, корп. 8	Да	505	431#435#436#441#505	Платная	Через ТЦ	1	4,5	362	90,5	да
Диканька	Промышленная ул., 21/1	Нет	506	520	Платная	С улицы	1	5	3568	509,7	да
Цех этого города	ул. Янковского, 182/40	Нет	507	552	Платная	С улицы	1	5	3955	494,375	да
Петрушка	ул. Коммунаров, 268	Нет	508	424#425#453	Платная	С улицы	1	5	954	318	да
Кавказ	Одесская ул., 48Д	Нет	509		Отсутсвует	С улицы	1	5	971	323,6	да
Тарелка	Одесская ул., 40/1	Нет	510		Платная	С улицы	1	4,9	600	85,7	да
Безумно	Одесская ул., 35	Нет	511	429#439#528#539	Платная	С улицы	1	5	249	124,5	да
Магазин готового шашлыка	Промышленная ул., 27А	Нет	512		Платная	С улицы	1	4,9	628	89,71	да
ЕстьПоесть	Промышленная ул., 44	Нет	513		Бесплатная	С улицы	1	4,6	109	13,625	да
Щи-Борщи	ул. Коммунаров, 266/3	Нет	514	427#457#547	Платная	С улицы	1	4,9	152	38	да
Баварус	Колхозная ул., 60	Нет	515		Бесплатная	С улицы	1	4,6	317	39,75	да
Градус Баллинга	ул. Хакурате, 9	Нет	516		Бесплатная	С улицы	-1	4,7	756	151,2	да
Додо Пицца	ул. Коммунаров, 268/1	Нет	517		Платная	С улицы	1	4,7	604	120,8	да
Столовая на Садовой	Садовая ул., 152	Нет	518		Отсутсвует	С улицы	1	4,6	118	39,3	да
Бабушкин буфет	ул. Леваневского, 185/1	Нет	519		Платная	С улицы	1	4,6	154	25,6	да
Вакула	Промышленная ул., 21/1	Нет	520	506	Платная	С улицы	1	4,7	206	29,42	да
Голод	ул. Коммунаров, 268А	Нет	521		Платная	Через здание (Не ТЦ)	3	5	99	99	да
Твой Сэндвич	Колхозная ул., 5	Нет	522	531#548	Бесплатная	С улицы	1	4,9	42	42	да
Триумф	Промышленная ул., 15	Нет	523		Бесплатная	С улицы	6	4,6	196	49	да
Посидим-поедим	Красная ул., 190	Нет	524		Платная	С улицы	1	4,3	5	5	да
Шаурма от души	Садовая ул., 153	Нет	525		Платная	С улицы	1	4,5	96	32	да
Кавказские каникулы	ул. Костылева, 195, корп. 2	Нет	526		Платная	С улицы	1	4,8	44	14,6	да
Зацепи Кофе	Колхозная ул., 5/2	Нет	527	530#532	Бесплатная	С улицы	1	4,9	76	76	да
Печка	Одесская ул., 35	Нет	528	429#439#511#539	Платная	С улицы	1	4,5	17	8,5	да
Вишня	Путевая ул., 9	Нет	529		Отсутсвует	С улицы	1	4,7	16	16	да
Surf Coffee x Groove	Колхозная ул., 5/2	Нет	530	527#532	Бесплатная	С улицы	1	5	112	112	да
Студия вкуса	Колхозная ул., 5	Нет	531	548#522	Бесплатная	С улицы	1	4,9	40	13,3	да
Библиотека кофе	Колхозная ул., 5/2	Нет	532	527#530	Бесплатная	С улицы	1	4,7	21	21	да
Робуст	Колхозная ул., 5/2к1	Нет	533		Платная	С улицы	1	4,4	12	12	да
Good Food	Одесская ул., 48В	Нет	534	445#449#451#540	Платная	С улицы	1	5	113	28,25	да
Суши Маминой Подруги	Путевая ул., 66А	Нет	535		Отсутсвует	С улицы	1	4,7	98	19,6	да
Культ Кофе	ул. Коммунаров, 268Б	Нет	536		Платная	С улицы	1	4,9	50	25	да
Кофейная компания	Промышленная ул., 38	Нет	537		Бесплатная	С улицы	1	5	74	74	да
Кофе Пит	ул. Леваневского, 187	Нет	538		Платная	С улицы	1	4,8	107	35,6	да
Жарик	Одесская ул., 35	Нет	539	429#439#511#528	Платная	С улицы	1	4,2	54	10,8	да
Тепло в Одном Театре	Одесская ул., 48В	Нет	540	445#449#451#534	Платная	Через здание (Не ТЦ)	1	4,7	54	18	да
Шашлычный двор	ул. Хакурате, 32	Нет	541	470	Отсутсвует	С улицы	1	4,3	170	21,25	да
Тарелка	Красная ул., 176лит5/1	Да	542	444#448	Платная	Через ТЦ	1	4,2	26	8,66	да
Brunch&Lunch	Садовая ул., 159, стр. 1	Нет	543	504	Бесплатная	С улицы	1	3,3	10	10	да
Хлебный рай	Промышленная ул., 33	Нет	544		Бесплатная	С улицы	1	4,6	77	12,83	да
Кофис	ул. Коммунаров, 276А	Нет	545		Отсутсвует	С улицы	1	4,9	32	32	да
One Price Coffee	Красная ул., 176лит5/2	Нет	546	456	Платная	С улицы	1	4,4	73	24,3	да
Only fresh coffee	ул. Коммунаров, 266/3	Нет	547	427#457#514	Платная	С улицы	1	4,3	8	8	да
LaraLarina Room	Колхозная ул., 5	Нет	548	531#522	Бесплатная	С улицы	1	5	19	9,5	да
Мелон Кофе	Садовая ул., 112	Нет	549		Бесплатная	С улицы	1	4,3	14	14	да
One Price Coffee	Красная ул., 190/1	Нет	550	437	Платная	С улицы	1	4,4	54	13,5	да
Дим кофе	Выставочная ул., 7	Нет	551		Отсутсвует	С улицы	1	5	60	10	да
Цветы&Кофе	ул. Янковского, 182/40	Нет	552	507	Платная	С улицы	1	4,8	11	2,75	да
ПРОСУШИ	улица им. 40-летия Победы, 172/1, Краснодар	Нет	553		Платная	С улицы	1	4,9			да
Eat-Eat Pizza	улица Восточно-Кругликовская, 18/1, Краснодар	Нет	554		Платная	С улицы	1	5			да
Tom-Yam	улица Восточно-Кругликовская, 18, Краснодар	Нет	555		Платная	С улицы	1	4,7			да
Тай дай	улица Восточно-Кругликовская, 18/1, Краснодар	Нет	556		Платная	С улицы	1	5			да
Pobo	улица Восточно-Кругликовская, 18/1, Краснодар	Нет	557		Платная	С улицы	1	5			да
Бурум	улица Восточно-Кругликовская, 18/1, Краснодар	Нет	558		Платная	С улицы	1	4,2			да
Нихао	улица Восточно-Кругликовская, 20, Краснодар	Нет	559	 	Платная	С улицы	1				да
Домик в деревне	улица Восточно-Кругликовская, 20, Краснодар	Нет	560		Платная	С улицы	1	5			да
Vaffel	улица Жлобы 139, Краснодар	Нет	561		Отсутсвует	С улицы	1	4,7			да
Хурма	улица Восточно-Кругликовская, 22, Краснодар	Нет	562		Отсутсвует	С улицы	1	5			да
Томико	улица Восточно-Кругликовская, 22, Краснодар	Нет	563		Платная	С улицы	1	4,8			да
Гастропаб 1.19	улица Восточно-Кругликовская, 22, Краснодар	Нет	564		Платная	С улицы	1	4,9			да
Чайка Ливингстон	улица Восточно-Кругликовская, 26, Краснодар	Нет	565		Отсутсвует	С улицы	1	4,9			да
Поток Вкуса	улица Восточно-Кругликовская, 32, Краснодар	Нет	566		Отсутсвует	С улицы	1	4,6			да
Парус	улица Восточно-Кругликовская, 44 / улица им. 40-летия Победы, 170, Краснодар	Нет	567		Отсутсвует	С улицы	1	4,2			да
Lamajo house	улица Восточно-Кругликовская, 69, Краснодар	Нет	568		Отсутсвует	С улицы	1	4,6			да
Яем	улица Восточно-Кругликовская, 96, Краснодар	Нет	569		Отсутсвует	С улицы	1	4,6			да
Анор-Анор	улица им. 40-летия Победы, 172/3, Краснодар	Нет	570		Отсутсвует	С улицы	1	5			да
Razgovory	улица Коммунаров, 76, Краснодар	Нет	571		Отсутсвует	С улицы	1	5			да
La Гречка	улица Коммунаров, 94, Краснодар	Нет	572		Отсутсвует	С улицы	1	5			да
Домашняя кухня	улица Коммунаров, 31/3, Краснодар	Нет	573		Отсутсвует	С улицы	1	4,9			да
Алоха	улица Коммунаров, 2, Краснодар	Нет	574		Отсутсвует	С улицы	1	5			да
Градус Баллинга	улица Коммунаров, 236, Краснодар	Нет	575		Отсутсвует	С улицы	1	4,7			да
Kavkaz group	улица Коммунаров, 268 лит Б2, Краснодар	Нет	576		Отсутсвует	С улицы	1				да
Столовая	улица Коммунаров, 278/2а, Краснодар	Нет	577		Отсутсвует	С улицы	1				да
Центральная	Северная улица, 324 лит Н, Краснодар	Нет	578		Отсутсвует	С улицы	1	4,9			да
Столовая	улица Будённого, 161/1, Краснодар	Нет	579		Отсутсвует	С улицы	1				да
Столовая	Братьев Дроздовых, 2, Краснодар	Нет	580		Отсутсвует	С улицы	1				да
Хлебные истории	Красная улица, 176/7, Краснодар	Нет	581		Платная	С улицы	1	4,8			да
Хаяо Унесённые Азией	Красная улица, 176 к7, Краснодар	Нет	582		Платная	С улицы	1	5			да
Старик Хинкалыч	Красная улица, 176/5, Краснодар	Нет	583		Отсутсвует	С улицы	1	4,9			да
Лаваш Таун	Карасунская улица, 86, Краснодар	Нет	584		Отсутсвует	С улицы	1	4,6			да
Пиноккио Djan	микрорайон Завод Измерительных Приборов, Зиповская ул., 5/4	Нет	585		Бесплатная	С улицы	1	5	4200	-	да
Уч-кудук	пр. Репина, 12	Нет	586		Отсутсвует	С улицы	1	5	317	-	да
Шашлычный Дом	Прикубанский внутригородской округ, микрорайон Московский, ул. им. Байбакова Н.К., 3/1	Нет	587		Бесплатная	С улицы	1	4,6	28	-	да
The Кухня	Прикубанский внутригородской округ, микрорайон Московский, ул. им. Артюшкова В.Д., 1	Нет	588		Бесплатная	С улицы	1	5	34	-	да
Lavka	Прикубанский внутригородской округ, микрорайон Московский, ул. имени Николая Семеновича Котлярова, 17	Нет	589		Бесплатная	С улицы	1	5	3138	-	да
Царь Мангал	 ул. Карякина, 7	Нет	590		Бесплатная	С улицы	1	5	221		да
Сицилия	ул. Карякина, 10/1	Нет	591		Бесплатная	С улицы	1	5	568		да
Pizz'n'Roll	Прикубанский внутригородской округ, микрорайон Московский, ул. им. Байбакова Н.К., 14	Нет	592		Бесплатная	С улицы	1	4,9	2146		да
Суши Даром	 Прикубанский внутригородской округ, микрорайон Московский, ул. имени Николая Семеновича Котлярова, 21	Нет	593		Бесплатная	С улицы	1	4,5	328		да
Шашлык Юга	 Российская ул., 304	Нет	594		Бесплатная	С улицы	1	4,4	223		да
Сабадури	Российская ул., 354	Нет	595		Бесплатная	С улицы	1	4,7	1235		да
Осетиновка	 Московская ул., 120, Краснодар	Нет	596		Бесплатная	С улицы	1	4,7	90		да
Вокбери	Московская ул., 120	Нет	597		Бесплатная	С улицы	1	5	121		да
Джавахк	 Агрохимическая ул., 116	Нет	598		Бесплатная	С улицы	1	5	46		да
Бургер Кинг	 Московская ул., 142/2	Нет	599		Бесплатная	С улицы	1	4,5	2225		да
SBW х Subway	Российская ул., 257	Нет	600		Бесплатная	С улицы	1	4,2	501		да
Мастер пицца	Музыкальный микрорайон, ул. имени С.В. Рахманинова, 21, корп. 2	Нет	601		Бесплатная	С улицы	1	5	1081		да
Шашлык Юга	 Российская ул., 267, корп. 5	Да	602		Бесплатная	С улицы	1	4,1	7		да
Джентльмен	ул. Евгении Жигуленко, 2Б	Нет	603		Платная	С улицы	1	4,6	957		да
Вкусно — и точка	Московская ул., 162	Нет	604		Отсутсвует	С улицы	1	4,4	1580		да
Шаурма-шашлык. ру	посёлок Калинино, Российская ул., 271	Нет	605		Бесплатная	С улицы	1	4,9	1941		да
Zажигалка	ул. имени Тургенева, 76	Нет	606		Платная	С улицы	1	4,7	571		да
Все Про Жар	ул. Бабушкина, 181	Нет	607		Платная	С улицы	1	4,9	239		да
Лаваш шашлык	ул. имени Тургенева, 88/1	Нет	608		Платная	С улицы	1	4,8	2434		да
The Great Kraken	 ул. Красных Партизан, 134	Нет	609		Бесплатная	С улицы	1	5	1721		да
Дар Пицца	 ул. Красных Партизан, 443/1	Нет	610		Платная	С улицы	1	4,4	1429		да
Севан	 Фестивальный микрорайон, ул. Воровского, 152	Нет	611		Платная	С улицы	1	4,8	328		да
Шаурма от души	 ул. Гагарина, 154	Нет	612		Платная	С улицы	1	4,9	329		да
Угли-Угли	ул. имени Тургенева, 126/1	Нет	613		Бесплатная	С улицы	1	5	3755		да
Хинкали House	 ул. имени Тургенева, 122, Краснодар	Нет	614		Платная	С улицы	1	4,7	2500		да
Печка	 Фестивальный микрорайон, ул. Атарбекова, 28/2	Нет	615		Бесплатная	С улицы	1	5	1710		да
Чайхана Анор-Анор	 ул. Красных Партизан, 319	Нет	616		Платная	С улицы	1	4,7	1091		да
Кофе с Акцентом	ул. Гагарина, 130	Нет	617		Бесплатная	С улицы	1	4,7	178		да
Русские Традиции	Фестивальный микрорайон, ул. Атарбекова, 44	Нет	618		Бесплатная	С улицы	1	4,8	380		да
Столовая	ул. Герцена, 190/1	Нет	619		Бесплатная	С улицы	1	4,6	321		да
Pro. Хинкали by Novikov	 ул. имени Тургенева, 149/151	Нет	620		Платная	С улицы	1	5	3021		да
Суши Тунец	 Фестивальный микрорайон, Анисовая ул., 39	Нет	621		Бесплатная	С улицы	1	4,7	127		да
Матрёшка	 Фестивальный микрорайон, ул. Яна Полуяна, 51/1	Нет	622		Бесплатная	С улицы	1	5	3977		да
Паб Мира	 Фестивальный микрорайон, микрорайон Солнечный, Казбекская ул., 16/1	Нет	623		Бесплатная	С улицы	1	5	84		да
Фермерский буфет	ул. Архитектора Ишунина, 1	Нет	624		Платная	С улицы	1	4,6	142		да
Дэда	Фестивальный микрорайон, ул. Яна Полуяна, 47	Нет	625		Платная	С улицы	1	5	2417		да
На кухне у мамы	Фестивальный микрорайон, микрорайон Солнечный, Казбекская ул., 19	Нет	626		Платная	С улицы	1	4,9	580		да
Сытый Король	ул. Ковалёва, 46	Нет	627		Бесплатная	С улицы	1	5	582		да
Пиано Терра	 ул. Архитектора Ишунина, 3	Нет	628		Платная	С улицы	1	5	597		да
Пирс 23	ул. Архитектора Ишунина, 6	Нет	629		Бесплатная	С улицы	1	5	162		да
Патрик&Мари	Фестивальный микрорайон, ул. Яна Полуяна, 43	Нет	630		Бесплатная	С улицы	1	4,9			да
Шаурма Чили	ул. Красных Партизан, 131	Нет	631		Бесплатная	С улицы	1	5	624		да
Komnata	ул. Красных Партизан, 117, Краснодар	Нет	632		Бесплатная	С улицы	2	4,3	30		да
Mr. Бургер	ул. Красных Партизан, 113	Нет	633		Бесплатная	С улицы	1	4,5	353		да
Вкуснолюбов	ул. Красных Партизан, 111/5	Нет	634		Отсутсвует	С улицы	1	4,2	74		да
Сливки	ул. Красных Партизан, 4/15	Нет	635		Отсутсвует	С улицы	1	4,2	9		да
СушиВесла	Темрюкская ул., 145, микрорайон Славянский, Прикубанский внутригородской округ, Краснодар	Нет	636		Бесплатная	С улицы	1	4,4	170		да
Помещик	ул. Красных Партизан, 67/1	Нет	637		Бесплатная	С улицы	1	4,9	1078		да
Шашлычная	Круговая ул., 26А, Краснодар	Нет	638		Отсутсвует	С улицы	1	4,3	32		да
BBQ lounge	Новый адрес: Заполярная ул., 35, корп. 2, микрорайон Славянский, Прикубанский внутригородской округ, Краснодар	Нет	639		Бесплатная	С улицы	1	-	38		да
Вкус Японии	Заполярная ул., 39, корп. 5, микрорайон Славянский, Прикубанский внутригородской округ	Нет	640		Бесплатная	С улицы	1	3,4	7		да
Шашлык в кафе	Заполярная ул., 35, корп. 2, микрорайон Славянский, Прикубанский внутригородской округ	Нет	641		Бесплатная	С улицы	1	4,6	263		да
Шампур	Заполярная ул., 33, микрорайон Славянский, Прикубанский внутригородской округ, Краснодар	Нет	642		Бесплатная	С улицы	1	4	57		да
Мангал Про	ул. Красных Партизан, 1К	Нет	643		Бесплатная	С улицы	1	4,8	24		да
Шаурма Чили	ул. Красных Партизан, 1М, стр. А	Нет	644		Бесплатная	С улицы	1	4,8	284		да
Yaposhkin Rolls	ул. Красных Партизан, 1/3к6	Нет	645		Бесплатная	С улицы	-1	5	47		да
Pizzagram	ул. Красных Партизан, 1/4к8, Краснодар	Нет	646		Бесплатная	С улицы	1	5	72		да
Суши тайм	ул. Красных Партизан, 1/4к4	Нет	647		Бесплатная	С улицы	1	4,6	205		да
Семейный буфет	ул. Красных Партизан, 1/4к2	Нет	648		Бесплатная	С улицы	1	5	45		да
Cuba	ул. Красных Партизан, 1/4к2	Нет	649		Бесплатная	С улицы	1	4,5	149		да
Суши Тунец	ул. Красных Партизан, 1/4к9	Нет	650		Бесплатная	С улицы	1	4,3	110		да
Моти и Кофе	ул. Красных Партизан, 1/4к4	Нет	651		Бесплатная	С улицы	1	4,9	48		да
Старик Хинкалыч	ул. Западный Обход, 31	Да	652		Бесплатная	Через ТЦ	1	5	1910		да
Rostic's	ул. Западный Обход, 31	Да	653		Бесплатная	Через ТЦ	1	4,1	258		да
Pini-boba	ул. Западный Обход, 31	Да	654		Бесплатная	Через ТЦ	2	4,2	19		да
Пончики и горшочки	ул. Западный Обход, 31	Да	655		Бесплатная	Через ТЦ	1	4,3	7		да
БаблТи кафе	ул. Западный Обход, 31	Да	656		Бесплатная	Через ТЦ	2	-	1		да
Анор-Анор	ул. Западный Обход, 31	Да	657		Бесплатная	Через ТЦ	2	5	50		да
Город детей	ул. Западный Обход, 31	Да	658		Бесплатная	Через ТЦ	3	-	1		да
Эдми	ул. Дмитрия Есаулко, 11	Нет	659		Бесплатная	С улицы	1	4,6	130		да
Суши от Илюши	ул. Западный Обход, 39/1к6	Нет	660		Бесплатная	С улицы	1	4,8	99		да
Онегин кофе	ул. Западный Обход, 39/1к2	Нет	661		Бесплатная	С улицы	1	5	67		да
Анор-Анор	ул. Западный Обход, 41/1	Нет	662		Бесплатная	С улицы	1	4,9	56		да
Библиотека кофе	ул. Западный Обход, 41/1	Нет	663		Бесплатная	С улицы	1	4,9	26		да
Castro	ул. Западный Обход, 45, стр. 1	Нет	664		Бесплатная	С улицы	1	5	162		да
Капля вкуса	ул. Западный Обход, 45, стр. 1	Нет	665		Бесплатная	С улицы	1	4,2	15		да
Гараж	ул. Западный Обход, 45, стр. 1	Нет	666		Бесплатная	С улицы	1	5	69		да
Сицилия	ул. Западный Обход, 57Е	Нет	667		Бесплатная	С улицы	1	5	324		да
Small Town	ул. Западный Обход, 57, корп. 1	Нет	668		Бесплатная	С улицы	1	4,9	96		да
Surf Coffee x Sky	ул. Западный Обход, 57, стр. Ж	Нет	669		Бесплатная	С улицы	1	4,9	164		да
Красножар	ул. Западный Обход, 57, стр. А	Нет	670		Бесплатная	С улицы	1	4,4	329		да
Drive Cafe	Краснодар	Нет	671		Бесплатная	С улицы	1	4,1	10		да
Маленькая Азия	ул. Марины Цветаевой, 7, корп. 1, микрорайон Догма Парк	Нет	672		Бесплатная	С улицы	1	4	7		да
Yellowman	ул. Западный Обход, 1	Нет	673		Бесплатная	С улицы	1	4,8	341		да
Шеф-шаурма	ул. Западный Обход, 1	Нет	674		Бесплатная	С улицы	1	4,4	76		да
Шашлычная № 11	Венецианская ул., 2	Нет	675		Бесплатная	С улицы	1	4,8	311		да
Paulaner	Баварская ул., 8	Нет	676		Бесплатная	С улицы	1	4,9	2134		да
Корзинка	Баварская ул., 8	Нет	677		Бесплатная	С улицы	1	-	1		да
Фрау Чача	Баварская ул., 6	Нет	678		Бесплатная	С улицы	1	4,4	60		да
Шаурма	Московская ул., 54/1	Нет	679		Бесплатная	С улицы	1	4,7	161		да
День сурка	ул. Карякина, 5, корп. 1	Нет	680		Бесплатная	С улицы	1	4,9	87		да
Традиции Мирового Пивоварения	Московская ул., 80	Нет	681		Бесплатная	С улицы	1	4,8	193		да
Друзья	ул. Карякина, 5, корп. 2	Нет	682		Бесплатная	С улицы	1	4,9	265		да
Царь Мангал	ул. Карякина, 7	Нет	683		Бесплатная	С улицы	1	5	167		да
Сицилия	ул. Карякина, 10/1	Нет	684		Бесплатная	С улицы	1	5	343		да
Чебуреки Пицца Шаурма	ул. им. Байбакова Н.К., 3/1, микрорайон Московский, Прикубанский внутригородской округ	Нет	685		Бесплатная	С улицы	1	4	3		да
Oishi роллы	ул. им. Байбакова Н.К., 3/1, микрорайон Московский, Прикубанский внутригородской округ, Краснодар	Нет	686		Бесплатная	С улицы	1	5	274		да
Мистер Сэндвич	Зиповская ул., 39/6, микрорайон Завод Измерительных Приборов	Нет	687		Бесплатная	С улицы	1	5	175		да
Кулинарный дом	Зиповская ул., 34Б, микрорайон Завод Измерительных Приборов	Нет	688		Бесплатная	С улицы	1	4,8	173		да
Шаурма Дубай	Зиповская ул., 34Б, микрорайон Завод Измерительных Приборов	Нет	689		Бесплатная	С улицы	1	4,4	19		да
Искусство и Кофе	Зиповская ул., 34Б, микрорайон Завод Измерительных Приборов	Нет	690		Бесплатная	С улицы	1	4,5	15		да
Мистер Сэндвич	Зиповская ул., 34Б, микрорайон Завод Измерительных Приборовпавильон 38	Нет	691		Бесплатная	С улицы	1	4,5	245		да
One Price Coffee	Зиповская ул., 34Б, микрорайон Завод Измерительных Приборов	Нет	692		Бесплатная	С улицы	1	4,8	34		да
Мадам Гриль	Зиповская ул., 34Б, микрорайон Завод Измерительных Приборов	Нет	693		Бесплатная	С улицы	1	5	38		да
PuchiMochi	Зиповская ул., 34Б, микрорайон Завод Измерительных Приборов	Нет	694		Бесплатная	С улицы	1	4,7	17		да
Shiitake	Зиповская ул., 38, микрорайон Завод Измерительных Приборов	Нет	695		Бесплатная	С улицы	1	4,9	33		да
RusBeer	ул. Карякина, 22	Нет	696		Бесплатная	С улицы	1	4,4	7		да
Central Street	ул. имени Николая Семеновича Котлярова, 15, микрорайон Московский, Прикубанский внутригородской округ	Нет	697		Бесплатная	С улицы	1	4,4	17		да
Lavka	ул. имени Николая Семеновича Котлярова, 17, микрорайон Московский, Прикубанский внутригородской округ	Нет	698		Бесплатная	С улицы	1	5	1339		да
Sushi 100	ул. имени Николая Семеновича Котлярова, 21, микрорайон Московский, Прикубанский внутригородской округ	Нет	699		Бесплатная	С улицы	1	4,7	227		да
N’stein brewery	ул. имени Николая Семеновича Котлярова, 21, микрорайон Московский, Прикубанский внутригородской округ	Нет	700		Бесплатная	С улицы	1	4,8	66		да
Хинкали Паб	Ставропольская ул., 204, Краснодар	Нет	701		Бесплатная	С улицы	1	4,8	771		да
Закофись	Ставропольская ул., 210	Нет	702		Бесплатная	С улицы	1	4,6	35		да
Миро	Ставропольская ул., 212/1	Нет	703		Бесплатная	С улицы	1	4,5	96		да
ПроСуши	Ставропольская ул., 97/1	Нет	704		Бесплатная	С улицы	1	4,5	712		да
One Price Coffee	Ставропольская ул., 109/1	Нет	705		Бесплатная	С улицы	1	4,7	114		да
Столовая	Ставропольская ул., 202, Краснодар	Нет	706		Бесплатная	С улицы	1	4,1	33		да
Роман'сКофе	Ставропольская ул., 129	Нет	707		Бесплатная	С улицы	1	4,7	15		да
Лейка&Кофейка	Ставропольская ул., 129	Нет	708		Бесплатная	С улицы	1	4,4	15		да
Барракуда+	ул. Степана Разина, 55, микрорайон Дубинка, Центральный внутригородской округ	Нет	709		Бесплатная	С улицы	1	4,8	234		да
О, Пончики	ул. Степана Разина, 55, микрорайон Дубинка, Краснодар	Нет	710		Бесплатная	С улицы	1	4,9	75		да
Стамбул	Ставропольская ул., 218	Нет	711		Бесплатная	С улицы	1	5	130		да
Побо	Ставропольская ул., 218/1	Нет	712		Бесплатная	С улицы	1	5	387		да
Печка	Ставропольская ул., 137	Нет	713		Бесплатная	С улицы	1	4,9	107		да
Баблс	Ставропольская ул., 137, Краснодар	Нет	714		Бесплатная	С улицы	1	4,5	78		да
Bistro	ул. Димитрова, 127/1	Нет	715		Бесплатная	С улицы	1	4,3	23		да
Greece Burger	Ставропольская ул., 222/2	Нет	716		Бесплатная	С улицы	1	4,5	130		да
The Кухня	Ставропольская ул., 220/2	Нет	717		Бесплатная	С улицы	1	4,3	647		да
Pronto	Ставропольская ул., 226	Нет	718		Бесплатная	С улицы	1	4,3	196		да
Сицилия	просп. Чекистов, 15/1, микрорайон Юбилейный	Нет	719		Бесплатная	С улицы	1	4,9	1150	383,3	
Фея	 просп. Чекистов, 17, микрорайон Юбилейный	Да	720		Отсутсвует	С улицы	1	5	191	38,2	
Harat's pub	Платановый бул., 17/1, микрорайон Юбилейный	Нет	721		Бесплатная	С улицы	1	5	315	105	
Барабулька	Платановый бул., 17/1, микрорайон Юбилейный	Нет	722		Бесплатная	С улицы	1	4,9	1100	366,6	
Ракоbar	просп. Чекистов, 24/1, микрорайон Юбилейный		723		Отсутсвует	С улицы	1	5	104	14,9	
Pallermo	 Рождественская наб., 4, микрорайон Юбилейный	Нет	724		Отсутсвует	С улицы	2	4,8	405	57,9	
Зацепи Кофе	 ул. 70-летия Октября, 1/1, микрорайон Юбилейный	Нет	725	#726#727#728#729	Отсутсвует	С улицы	1	4,8	150	75	
Зацепи Кофе	 ул. 70-летия Октября, 17, микрорайон Юбилейный	Нет	726	#725#727#728#729	Отсутсвует	С улицы	1	5	43	43	
Зацепи Кофе	Алма-Атинская ул., 40	Нет	727	#726#725#728#729	Бесплатная	С улицы	1	4,8	240	80	
Surf Coffee x Family	 ул. 70-летия Октября, 1/1, микрорайон Юбилейный	Нет	728	#726#725#727#729	Отсутсвует	С улицы	1	5	270	67,5	
Диалог	 бул. Клары Лучко, 16, микрорайон Юбилейный	Нет	729	#726#725#727#728	Отсутсвует	С улицы	1	4,9	350	70	
Вкусно — и точка	Алма-Атинская ул., 2/21	Нет	730		Бесплатная	С улицы	1	4,5	600	200	
Rostic's	просп. Чекистов, 17Э, микрорайон Юбилейный	Да	731		Бесплатная	С улицы	1	4,4	743	123,8	
Rostic's	Алма-Атинская ул., 139	Да	732		Бесплатная	С улицы	1	4,4	576	288	
Додо Пицца	ул. Бульварное Кольцо, 18/2, микрорайон Юбилейный	Нет	733		Бесплатная	С улицы	1	4,7	130	65	
SBW х Subway	 Северная ул., 3	Нет	734		Бесплатная	С улицы	1	4,2	89	11,1	
Greece burger	Северная ул., 2	Да	735		Бесплатная	С улицы	1	4,6	460	57,5	
Шаурма House	ул. имени Калинина, 134/1	Нет	736		Бесплатная	С улицы	1	4,5	340	48,6	
Жарево24	 ул. имени Калинина, 134/3	Нет	737		Бесплатная	С улицы	2	4,3	87	29	
Ташкент	ул. имени Калинина, 138, Краснодар	Нет	738		Бесплатная	С улицы	1	4,4	67	8,4	
Сели Поели	 Алма-Атинская ул., 91	Нет	739		Бесплатная	С улицы	1	4,2	52	8,6	
МангалРум	Алма-Атинская ул., 44	Нет	740		Отсутсвует	С улицы	1	4,3	185	37	
Best Food Street	ул. имени Калинина, 124/2	Нет	741		Отсутсвует	С улицы	1	4,2	19	3,8	
Mr Duck	ул. имени Калинина, 188/1	Нет	742		Отсутсвует	С улицы	1	4,9	30	30	
Та самая шаурма	Платановый бул., 17П, микрорайон Юбилейный	Да	743		Бесплатная	С улицы	1	4,6	168	24	
Золотая Бухара	 ул. Академика Трубилина, 60	Да	744		Бесплатная	Через ТЦ	4	5	1930	965	
Aberdeen	 ул. Академика Трубилина, 34	Нет	745		Бесплатная	С улицы	1	4,9	114	57	
Базар	 ул. 70-летия Октября, 14/1, микрорайон Юбилейный	Нет	746		Бесплатная	С улицы	1	4,4	370	61,7	
Стефания	ул. Кубанская Набережная, 186/1, микрорайон Центральный, Краснодар	Нет	747		Платная	С улицы	1	4,9	1327	442,3	
Четыре сына	 ул. Кубанская Набережная, 39, микрорайон Центральный, Краснодар	Нет	748		Платная	С улицы	1	4,9	60	60	
Мидийное место	ул. Кубанская Набережная, 37/3, микрорайон Центральный	Нет	749		Платная	С улицы	1	5	490	245	
Frank by Баста	ул. Мира, 1, микрорайон Центральный	Нет	750		Отсутсвует	Через здание (Не ТЦ)	1	5	990	990	
Rostic's	 Минская ул., 120/8, Краснодар	Нет	751		Бесплатная	Через здание (Не ТЦ)	1	4,3	251	35,9	